12/1/2003 12:00:00 AM,0.224000007
12/1/2003 01:00:00 AM,0.115999997
12/1/2003 02:00:00 AM,0.104999997
12/1/2003 03:00:00 AM,0
12/1/2003 04:00:00 AM,0.101000004
12/1/2003 05:00:00 AM,0.222000003
12/1/2003 06:00:00 AM,0.632000029
12/1/2003 07:00:00 AM,0.763999999
12/1/2003 08:00:00 AM,0.508000016
12/1/2003 09:00:00 AM,0.412999988
12/1/2003 10:00:00 AM,0.493999988
12/1/2003 11:00:00 AM,0.296000004
12/1/2003 12:00:00 PM,0.243000001
12/1/2003 01:00:00 PM,0.233999997
12/1/2003 02:00:00 PM,0.247999996
12/1/2003 03:00:00 PM,0.351999998
12/1/2003 04:00:00 PM,0.551999986
12/1/2003 05:00:00 PM,1.243000031
12/1/2003 06:00:00 PM,1.641000032
12/1/2003 07:00:00 PM,0.578000009
12/1/2003 08:00:00 PM,0.523999989
12/1/2003 09:00:00 PM,0.546000004
12/1/2003 10:00:00 PM,0.666999996
12/1/2003 11:00:00 PM,0.586000025
12/2/2003 12:00:00 AM,0.603999972
12/2/2003 01:00:00 AM,0.469999999
12/2/2003 02:00:00 AM,0.503000021
12/2/2003 03:00:00 AM,0.888999999
12/2/2003 04:00:00 AM,1.021000028
12/2/2003 05:00:00 AM,0.897000015
12/2/2003 06:00:00 AM,2.24000001
12/2/2003 07:00:00 AM,1.399000049
12/2/2003 08:00:00 AM,1.039000034
12/2/2003 09:00:00 AM,0.822000027
12/2/2003 10:00:00 AM,0.754000008
12/2/2003 11:00:00 AM,0.828999996
12/2/2003 12:00:00 PM,0.741999984
12/2/2003 01:00:00 PM,1.504999995
12/2/2003 02:00:00 PM,0.662999988
12/2/2003 03:00:00 PM,0.444999993
12/2/2003 04:00:00 PM,0.773000002
12/2/2003 05:00:00 PM,0.497000009
12/2/2003 06:00:00 PM,0.39199999
12/2/2003 07:00:00 PM,0.365999997
12/2/2003 08:00:00 PM,0.316000015
12/2/2003 09:00:00 PM,0.307999998
12/2/2003 10:00:00 PM,0.488999993
12/2/2003 11:00:00 PM,0.416999996
12/3/2003 12:00:00 AM,0.414999992
12/3/2003 01:00:00 AM,0.358999997
12/3/2003 02:00:00 AM,0.324000001
12/3/2003 03:00:00 AM,0.400999993
12/3/2003 04:00:00 AM,0.472000003
12/3/2003 05:00:00 AM,0.425000012
12/3/2003 06:00:00 AM,0.536000013
12/3/2003 07:00:00 AM,0.574000001
12/3/2003 08:00:00 AM,0.635999978
12/3/2003 09:00:00 AM,0.883000016
12/3/2003 10:00:00 AM,0.740999997
12/3/2003 11:00:00 AM,1.287999988
12/3/2003 12:00:00 PM,1.799999952
12/3/2003 01:00:00 PM,1.167999983
12/3/2003 02:00:00 PM,1.024000049
12/3/2003 03:00:00 PM,1.069000006
12/3/2003 04:00:00 PM,1.014000058
12/3/2003 05:00:00 PM,0.769999981
12/3/2003 06:00:00 PM,0.815999985
12/3/2003 07:00:00 PM,0.681999981
12/3/2003 08:00:00 PM,0.685000002
12/3/2003 09:00:00 PM,0.605000019
12/3/2003 10:00:00 PM,0.545000017
12/3/2003 11:00:00 PM,0.437000006
12/4/2003 12:00:00 AM,0.425000012
12/4/2003 01:00:00 AM,0.365999997
12/4/2003 02:00:00 AM,0.372000009
12/4/2003 03:00:00 AM,0.349999994
12/4/2003 04:00:00 AM,0.449999988
12/4/2003 05:00:00 AM,0.495999992
12/4/2003 06:00:00 AM,0.560000002
12/4/2003 07:00:00 AM,0.745000005
12/4/2003 08:00:00 AM,1.281000018
12/4/2003 09:00:00 AM,1.110000014
12/4/2003 10:00:00 AM,1.901000023
12/4/2003 11:00:00 AM,1.421000004
12/4/2003 12:00:00 PM,1.039000034
12/4/2003 01:00:00 PM,1.559000015
12/4/2003 02:00:00 PM,1.350000024
12/4/2003 03:00:00 PM,1.246999979
12/4/2003 04:00:00 PM,1.027999997
12/4/2003 05:00:00 PM,0.723999977
12/4/2003 06:00:00 PM,0.481999993
12/4/2003 07:00:00 PM,0.638000011
12/4/2003 08:00:00 PM,0.646000028
12/4/2003 09:00:00 PM,0.598999977
12/4/2003 10:00:00 PM,0.446999997
12/4/2003 11:00:00 PM,0.593999982
12/5/2003 12:00:00 AM,0.503000021
12/5/2003 01:00:00 AM,0.382999986
12/5/2003 02:00:00 AM,0.446999997
12/5/2003 03:00:00 AM,0.460999995
12/5/2003 04:00:00 AM,0.444000006
12/5/2003 05:00:00 AM,0.418000013
12/5/2003 06:00:00 AM,0.572000027
12/5/2003 07:00:00 AM,0.676999986
12/5/2003 08:00:00 AM,0.837000012
12/5/2003 09:00:00 AM,1.032999992
12/5/2003 10:00:00 AM,0.836000025
12/5/2003 11:00:00 AM,0.888000011
12/5/2003 12:00:00 PM,0.879999995
12/5/2003 01:00:00 PM,0.851999998
12/5/2003 02:00:00 PM,0.75
12/5/2003 03:00:00 PM,1.100999951
12/5/2003 04:00:00 PM,0.605000019
12/5/2003 05:00:00 PM,0.504999995
12/5/2003 06:00:00 PM,0.606999993
12/5/2003 07:00:00 PM,0.611000001
12/5/2003 08:00:00 PM,0.43599999
12/5/2003 09:00:00 PM,0.550000012
12/5/2003 10:00:00 PM,0.523999989
12/5/2003 11:00:00 PM,0.523000002
12/6/2003 12:00:00 AM,0.500999987
12/6/2003 01:00:00 AM,0.508000016
12/6/2003 02:00:00 AM,0.773000002
12/6/2003 03:00:00 AM,0.758000016
12/6/2003 04:00:00 AM,0.751999974
12/6/2003 05:00:00 AM,0.99000001
12/6/2003 06:00:00 AM,1.037999988
12/6/2003 07:00:00 AM,0.838999987
12/6/2003 08:00:00 AM,1
12/6/2003 09:00:00 AM,1.23300004
12/6/2003 10:00:00 AM,1.184999943
12/6/2003 11:00:00 AM,1.230000019
12/6/2003 12:00:00 PM,0.907999992
12/6/2003 01:00:00 PM,0.731999993
12/6/2003 02:00:00 PM,0.640999973
12/6/2003 03:00:00 PM,0.722000003
12/6/2003 04:00:00 PM,1.128999949
12/6/2003 05:00:00 PM,1.396000028
12/6/2003 06:00:00 PM,1.241999984
12/6/2003 07:00:00 PM,1.758999944
12/6/2003 08:00:00 PM,2.163000107
12/6/2003 09:00:00 PM,1.537999988
12/6/2003 10:00:00 PM,1.375
12/6/2003 11:00:00 PM,1.68900001
12/7/2003 12:00:00 AM,2.089999914
12/7/2003 01:00:00 AM,1.15199995
12/7/2003 02:00:00 AM,1.442000031
12/7/2003 03:00:00 AM,1.513000011
12/7/2003 04:00:00 AM,1.470000029
12/7/2003 05:00:00 AM,1.467000008
12/7/2003 06:00:00 AM,1.496000051
12/7/2003 07:00:00 AM,1.523000002
12/7/2003 08:00:00 AM,0.926999986
12/7/2003 09:00:00 AM,1.282999992
12/7/2003 10:00:00 AM,0.736000001
12/7/2003 11:00:00 AM,0.529999971
12/7/2003 12:00:00 PM,0.521000028
12/7/2003 01:00:00 PM,0.698000014
12/7/2003 02:00:00 PM,0.52700001
12/7/2003 03:00:00 PM,0.649999976
12/7/2003 04:00:00 PM,3.805999994
12/7/2003 05:00:00 PM,2.21600008
12/7/2003 06:00:00 PM,0.606000006
12/7/2003 07:00:00 PM,0.335000008
12/7/2003 08:00:00 PM,0.338
12/7/2003 09:00:00 PM,0.481999993
12/7/2003 10:00:00 PM,0.537
12/7/2003 11:00:00 PM,0.360000014
12/8/2003 12:00:00 AM,0.569999993
12/8/2003 01:00:00 AM,0.638000011
12/8/2003 02:00:00 AM,0.950999975
12/8/2003 03:00:00 AM,1.230999947
12/8/2003 04:00:00 AM,1.113999963
12/8/2003 05:00:00 AM,1.192999959
12/8/2003 06:00:00 AM,0.720000029
12/8/2003 07:00:00 AM,1.069000006
12/8/2003 08:00:00 AM,0.838
12/8/2003 09:00:00 AM,0.870999992
12/8/2003 10:00:00 AM,1.16900003
12/8/2003 11:00:00 AM,0.921999991
12/8/2003 12:00:00 PM,0.649999976
12/8/2003 01:00:00 PM,0.632000029
12/8/2003 02:00:00 PM,0.763000011
12/8/2003 03:00:00 PM,0.763999999
12/8/2003 04:00:00 PM,0.838
12/8/2003 05:00:00 PM,1.113000035
12/8/2003 06:00:00 PM,0.834999979
12/8/2003 07:00:00 PM,1.223999977
12/8/2003 08:00:00 PM,1.345000029
12/8/2003 09:00:00 PM,1.458999991
12/8/2003 10:00:00 PM,2.089999914
12/8/2003 11:00:00 PM,1.480999947
12/9/2003 12:00:00 AM,1.45599997
12/9/2003 01:00:00 AM,1.315000057
12/9/2003 02:00:00 AM,1.202999949
12/9/2003 03:00:00 AM,1.610000014
12/9/2003 04:00:00 AM,1.595000029
12/9/2003 05:00:00 AM,1.388000011
12/9/2003 06:00:00 AM,1.222000003
12/9/2003 07:00:00 AM,1.050999999
12/9/2003 08:00:00 AM,1.126000047
12/9/2003 09:00:00 AM,1.154000044
12/9/2003 10:00:00 AM,1.106999993
12/9/2003 11:00:00 AM,0.963999987
12/9/2003 12:00:00 PM,0.823000014
12/9/2003 01:00:00 PM,1.164999962
12/9/2003 02:00:00 PM,0.964999974
12/9/2003 03:00:00 PM,1.24000001
12/9/2003 04:00:00 PM,0.685000002
12/9/2003 05:00:00 PM,1.460000038
12/9/2003 06:00:00 PM,0.883000016
12/9/2003 07:00:00 PM,0.460000008
12/9/2003 08:00:00 PM,0.460999995
12/9/2003 09:00:00 PM,0.402999997
12/9/2003 10:00:00 PM,0.405000001
12/9/2003 11:00:00 PM,0.523999989
12/10/2003 12:00:00 AM,0.386000007
12/10/2003 01:00:00 AM,0.178000003
12/10/2003 02:00:00 AM,0.130999997
12/10/2003 03:00:00 AM,0.275000006
12/10/2003 04:00:00 AM,0.206
12/10/2003 05:00:00 AM,0.263000011
12/10/2003 06:00:00 AM,0.428000003
12/10/2003 07:00:00 AM,0.555999994
12/10/2003 08:00:00 AM,0.601999998
12/10/2003 09:00:00 AM,0.626999974
12/10/2003 10:00:00 AM,0.351000011
12/10/2003 11:00:00 AM,0.335999995
12/10/2003 12:00:00 PM,0.340999991
12/10/2003 01:00:00 PM,0.400999993
12/10/2003 02:00:00 PM,0.368999988
12/10/2003 03:00:00 PM,0.331999987
12/10/2003 04:00:00 PM,0.324999988
12/10/2003 05:00:00 PM,0.347000003
12/10/2003 06:00:00 PM,0.254000008
12/10/2003 07:00:00 PM,0.217999995
12/10/2003 08:00:00 PM,0.273999989
12/10/2003 09:00:00 PM,0.252000004
12/10/2003 10:00:00 PM,0.228
12/10/2003 11:00:00 PM,0.361000001
12/11/2003 12:00:00 AM,0.234999999
12/11/2003 01:00:00 AM,0.180000007
12/11/2003 02:00:00 AM,0.189999998
12/11/2003 03:00:00 AM,0.204999998
12/11/2003 04:00:00 AM,0.231999993
12/11/2003 05:00:00 AM,0.259000003
12/11/2003 06:00:00 AM,0.389999986
12/11/2003 07:00:00 AM,0.560000002
12/11/2003 08:00:00 AM,0.601000011
12/11/2003 09:00:00 AM,0.660000026
12/11/2003 10:00:00 AM,0.579999983
12/11/2003 11:00:00 AM,0.660000026
12/11/2003 12:00:00 PM,0.654999971
12/11/2003 01:00:00 PM,0.633000016
12/11/2003 02:00:00 PM,0.528999984
12/11/2003 03:00:00 PM,0.675000012
12/11/2003 04:00:00 PM,0
12/11/2003 05:00:00 PM,0.730000019
12/11/2003 06:00:00 PM,0.643999994
12/11/2003 07:00:00 PM,0.93599999
12/11/2003 08:00:00 PM,0.851000011
12/11/2003 09:00:00 PM,0.529999971
12/11/2003 10:00:00 PM,0.465999991
12/11/2003 11:00:00 PM,0.48300001
12/12/2003 12:00:00 AM,0.36500001
12/12/2003 01:00:00 AM,0.446999997
12/12/2003 02:00:00 AM,1.105999947
12/12/2003 03:00:00 AM,0.656000018
12/12/2003 04:00:00 AM,0.935000002
12/12/2003 05:00:00 AM,0.52700001
12/12/2003 06:00:00 AM,0.925999999
12/12/2003 07:00:00 AM,1.024000049
12/12/2003 08:00:00 AM,0.990999997
12/12/2003 09:00:00 AM,0.495999992
12/12/2003 10:00:00 AM,0.874000013
12/12/2003 11:00:00 AM,0.861999989
12/12/2003 12:00:00 PM,0.744000018
12/12/2003 01:00:00 PM,0.405999988
12/12/2003 02:00:00 PM,0.597000003
12/12/2003 03:00:00 PM,0.541999996
12/12/2003 04:00:00 PM,0.657000005
12/12/2003 05:00:00 PM,0.984000027
12/12/2003 06:00:00 PM,0.686999977
12/12/2003 07:00:00 PM,1.417999983
12/12/2003 08:00:00 PM,0.838999987
12/12/2003 09:00:00 PM,0.697000027
12/12/2003 10:00:00 PM,0.409000009
12/12/2003 11:00:00 PM,0.310000002
12/13/2003 12:00:00 AM,0.244000003
12/13/2003 01:00:00 AM,0.256999999
12/13/2003 02:00:00 AM,0.261000007
12/13/2003 03:00:00 AM,0.351999998
12/13/2003 04:00:00 AM,0.298000008
12/13/2003 05:00:00 AM,0.270999998
12/13/2003 06:00:00 AM,0.305999994
12/13/2003 07:00:00 AM,0.460999995
12/13/2003 08:00:00 AM,0.635999978
12/13/2003 09:00:00 AM,0.699999988
12/13/2003 10:00:00 AM,0.59799999
12/13/2003 11:00:00 AM,0.609000027
12/13/2003 12:00:00 PM,0.612999976
12/13/2003 01:00:00 PM,1.098999977
12/13/2003 02:00:00 PM,0.883000016
12/13/2003 03:00:00 PM,1.159999967
12/13/2003 04:00:00 PM,0.731999993
12/13/2003 05:00:00 PM,0.60799998
12/13/2003 06:00:00 PM,0.589999974
12/13/2003 07:00:00 PM,0.611000001
12/13/2003 08:00:00 PM,0.745999992
12/13/2003 09:00:00 PM,0.861999989
12/13/2003 10:00:00 PM,0.888000011
12/13/2003 11:00:00 PM,0.882000029
12/14/2003 12:00:00 AM,0.934000015
12/14/2003 01:00:00 AM,0.910000026
12/14/2003 02:00:00 AM,0.662
12/14/2003 03:00:00 AM,0.48300001
12/14/2003 04:00:00 AM,0.419
12/14/2003 05:00:00 AM,0.449000001
12/14/2003 06:00:00 AM,0.532000005
12/14/2003 07:00:00 AM,0.560000002
12/14/2003 08:00:00 AM,0.684000015
12/14/2003 09:00:00 AM,0.717999995
12/14/2003 10:00:00 AM,0.537
12/14/2003 11:00:00 AM,0.476999998
12/14/2003 12:00:00 PM,0.398000002
12/14/2003 01:00:00 PM,0.486000001
12/14/2003 02:00:00 PM,0.425000012
12/14/2003 03:00:00 PM,0.411000013
12/14/2003 04:00:00 PM,0.469000012
12/14/2003 05:00:00 PM,0.5
12/14/2003 06:00:00 PM,0.575999975
12/14/2003 07:00:00 PM,0.592999995
12/14/2003 08:00:00 PM,1.20599997
12/14/2003 09:00:00 PM,1.389000058
12/14/2003 10:00:00 PM,0.860000014
12/14/2003 11:00:00 PM,0.393999994
12/15/2003 12:00:00 AM,0.344000012
12/15/2003 01:00:00 AM,0.326999992
12/15/2003 02:00:00 AM,0.381000012
12/15/2003 03:00:00 AM,0.448000014
12/15/2003 04:00:00 AM,0.44600001
12/15/2003 05:00:00 AM,0.456
12/15/2003 06:00:00 AM,0.584999979
12/15/2003 07:00:00 AM,0.44600001
12/15/2003 08:00:00 AM,0.538999975
12/15/2003 09:00:00 AM,0.592000008
12/15/2003 10:00:00 AM,0.490999997
12/15/2003 11:00:00 AM,0.556999981
12/15/2003 12:00:00 PM,0.953999996
12/15/2003 01:00:00 PM,0.582000017
12/15/2003 02:00:00 PM,0.514999986
12/15/2003 03:00:00 PM,0.700999975
12/15/2003 04:00:00 PM,0.393999994
12/15/2003 05:00:00 PM,0.379999995
12/15/2003 06:00:00 PM,0.379999995
12/15/2003 07:00:00 PM,0.437000006
12/15/2003 08:00:00 PM,0.289000005
12/15/2003 09:00:00 PM,0.657000005
12/15/2003 10:00:00 PM,0.657999992
12/15/2003 11:00:00 PM,1.199000001
12/16/2003 12:00:00 AM,0.753000021
12/16/2003 01:00:00 AM,0.810000002
12/16/2003 02:00:00 AM,0.312000006
12/16/2003 03:00:00 AM,0.404000014
12/16/2003 04:00:00 AM,0.573000014
12/16/2003 05:00:00 AM,0.481999993
12/16/2003 06:00:00 AM,0.453000009
12/16/2003 07:00:00 AM,0.497000009
12/16/2003 08:00:00 AM,0.411000013
12/16/2003 09:00:00 AM,0.412
12/16/2003 10:00:00 AM,0.388999999
12/16/2003 11:00:00 AM,0.379999995
12/16/2003 12:00:00 PM,0.342000008
12/16/2003 01:00:00 PM,0.412999988
12/16/2003 02:00:00 PM,0.425000012
12/16/2003 03:00:00 PM,0.568000019
12/16/2003 04:00:00 PM,0.391000003
12/16/2003 05:00:00 PM,0.317999989
12/16/2003 06:00:00 PM,0.308999985
12/16/2003 07:00:00 PM,0.261000007
12/16/2003 08:00:00 PM,0.230000004
12/16/2003 09:00:00 PM,0.351000011
12/16/2003 10:00:00 PM,0.337000012
12/16/2003 11:00:00 PM,0.291999996
12/17/2003 12:00:00 AM,0.301999986
12/17/2003 01:00:00 AM,0.270999998
12/17/2003 02:00:00 AM,0.266000003
12/17/2003 03:00:00 AM,0.252999991
12/17/2003 04:00:00 AM,0.273000002
12/17/2003 05:00:00 AM,0.381000012
12/17/2003 06:00:00 AM,0.505999982
12/17/2003 07:00:00 AM,0.586000025
12/17/2003 08:00:00 AM,0.726999998
12/17/2003 09:00:00 AM,0.648999989
12/17/2003 10:00:00 AM,2.473999977
12/17/2003 11:00:00 AM,0.603999972
12/17/2003 12:00:00 PM,0.658999979
12/17/2003 01:00:00 PM,0.492000014
12/17/2003 02:00:00 PM,0.672999978
12/17/2003 03:00:00 PM,0.949999988
12/17/2003 04:00:00 PM,1.207000017
12/17/2003 05:00:00 PM,1.600000024
12/17/2003 06:00:00 PM,1.167999983
12/17/2003 07:00:00 PM,1.327999949
12/17/2003 08:00:00 PM,1.131999969
12/17/2003 09:00:00 PM,0.573000014
12/17/2003 10:00:00 PM,0.389999986
12/17/2003 11:00:00 PM,0.284999996
12/18/2003 12:00:00 AM,0.266000003
12/18/2003 01:00:00 AM,0.356000006
12/18/2003 02:00:00 AM,0.375999987
12/18/2003 03:00:00 AM,0.393000007
12/18/2003 04:00:00 AM,0.367000014
12/18/2003 05:00:00 AM,0.405000001
12/18/2003 06:00:00 AM,0.300999999
12/18/2003 07:00:00 AM,0.400999993
12/18/2003 08:00:00 AM,0.328999996
12/18/2003 09:00:00 AM,0.326000005
12/18/2003 10:00:00 AM,0.397000015
12/18/2003 11:00:00 AM,0.405000001
12/18/2003 12:00:00 PM,0.463999987
12/18/2003 01:00:00 PM,0.560000002
12/18/2003 02:00:00 PM,0.549000025
12/18/2003 03:00:00 PM,0.593999982
12/18/2003 04:00:00 PM,0.736999989
12/18/2003 05:00:00 PM,0.736000001
12/18/2003 06:00:00 PM,0.681999981
12/18/2003 07:00:00 PM,0.600000024
12/18/2003 08:00:00 PM,0.232999995
12/18/2003 09:00:00 PM,0.275999993
12/18/2003 10:00:00 PM,0.232999995
12/18/2003 11:00:00 PM,0.284000009
12/19/2003 12:00:00 AM,0.316000015
12/19/2003 01:00:00 AM,0.270999998
12/19/2003 02:00:00 AM,0.232999995
12/19/2003 03:00:00 AM,0.331
12/19/2003 04:00:00 AM,0.279000014
12/19/2003 05:00:00 AM,0.25999999
12/19/2003 06:00:00 AM,0.39199999
12/19/2003 07:00:00 AM,0.330000013
12/19/2003 08:00:00 AM,0.44600001
12/19/2003 09:00:00 AM,0.398999989
12/19/2003 10:00:00 AM,0.414999992
12/19/2003 11:00:00 AM,0.416000009
12/19/2003 12:00:00 PM,0.324999988
12/19/2003 01:00:00 PM,0.256999999
12/19/2003 02:00:00 PM,0.264999986
12/19/2003 03:00:00 PM,0.270999998
12/19/2003 04:00:00 PM,0.32100001
12/19/2003 05:00:00 PM,0.335999995
12/19/2003 06:00:00 PM,0.374000013
12/19/2003 07:00:00 PM,0.588999987
12/19/2003 08:00:00 PM,0.354999989
12/19/2003 09:00:00 PM,0.411000013
12/19/2003 10:00:00 PM,0.42899999
12/19/2003 11:00:00 PM,0.400000006
12/20/2003 12:00:00 AM,0.284999996
12/20/2003 01:00:00 AM,0.284999996
12/20/2003 02:00:00 AM,0.136000007
12/20/2003 03:00:00 AM,0.166999996
12/20/2003 04:00:00 AM,0.305000007
12/20/2003 05:00:00 AM,0.405000001
12/20/2003 06:00:00 AM,0.470999986
12/20/2003 07:00:00 AM,0.816999972
12/20/2003 08:00:00 AM,0.697000027
12/20/2003 09:00:00 AM,0.98299998
12/20/2003 10:00:00 AM,0.717999995
12/20/2003 11:00:00 AM,0.463
12/20/2003 12:00:00 PM,0.324999988
12/20/2003 01:00:00 PM,0.368999988
12/20/2003 02:00:00 PM,0.312999994
12/20/2003 03:00:00 PM,0.354000002
12/20/2003 04:00:00 PM,0.85799998
12/20/2003 05:00:00 PM,1.320000052
12/20/2003 06:00:00 PM,0.93599999
12/20/2003 07:00:00 PM,0.528999984
12/20/2003 08:00:00 PM,0.361000001
12/20/2003 09:00:00 PM,0.481000006
12/20/2003 10:00:00 PM,0.671000004
12/20/2003 11:00:00 PM,0.340999991
12/21/2003 12:00:00 AM,1.024000049
12/21/2003 01:00:00 AM,0.59799999
12/21/2003 02:00:00 AM,0.312999994
12/21/2003 03:00:00 AM,0.294
12/21/2003 04:00:00 AM,0.388999999
12/21/2003 05:00:00 AM,0.342000008
12/21/2003 06:00:00 AM,0.207000002
12/21/2003 07:00:00 AM,0.238999993
12/21/2003 08:00:00 AM,0.264999986
12/21/2003 09:00:00 AM,0.280999988
12/21/2003 10:00:00 AM,0.463999987
12/21/2003 11:00:00 AM,0.35800001
12/21/2003 12:00:00 PM,0.287999988
12/21/2003 01:00:00 PM,0.273999989
12/21/2003 02:00:00 PM,0.279000014
12/21/2003 03:00:00 PM,0.314999998
12/21/2003 04:00:00 PM,0.368999988
12/21/2003 05:00:00 PM,0.338
12/21/2003 06:00:00 PM,0.884000003
12/21/2003 07:00:00 PM,1.07099998
12/21/2003 08:00:00 PM,0.488000005
12/21/2003 09:00:00 PM,0.708999991
12/21/2003 10:00:00 PM,0.624000013
12/21/2003 11:00:00 PM,0.76700002
12/22/2003 12:00:00 AM,0.867999971
12/22/2003 01:00:00 AM,0.551999986
12/22/2003 02:00:00 AM,0.626999974
12/22/2003 03:00:00 AM,0.546000004
12/22/2003 04:00:00 AM,0.550999999
12/22/2003 05:00:00 AM,0.676999986
12/22/2003 06:00:00 AM,0.657000005
12/22/2003 07:00:00 AM,0.764999986
12/22/2003 08:00:00 AM,1.796000004
12/22/2003 09:00:00 AM,1.355999947
12/22/2003 10:00:00 AM,2.589999914
12/22/2003 11:00:00 AM,1.804999948
12/22/2003 12:00:00 PM,2.25999999
12/22/2003 01:00:00 PM,3.030999899
12/22/2003 02:00:00 PM,3.267999887
12/22/2003 03:00:00 PM,2.617000103
12/22/2003 04:00:00 PM,2.65899992
12/22/2003 05:00:00 PM,5.440000057
12/22/2003 06:00:00 PM,3.701999903
12/22/2003 07:00:00 PM,1.412999988
12/22/2003 08:00:00 PM,1.651000023
12/22/2003 09:00:00 PM,0.772000015
12/22/2003 10:00:00 PM,0.529999971
12/22/2003 11:00:00 PM,0.270000011
12/23/2003 12:00:00 AM,0.536000013
12/23/2003 01:00:00 AM,0.307000011
12/23/2003 02:00:00 AM,2.713000059
12/23/2003 03:00:00 AM,0.814999998
12/23/2003 04:00:00 AM,0.234999999
12/23/2003 05:00:00 AM,0.423999995
12/23/2003 06:00:00 AM,0.785000026
12/23/2003 07:00:00 AM,0.601999998
12/23/2003 08:00:00 AM,0.809000015
12/23/2003 09:00:00 AM,1.15199995
12/23/2003 10:00:00 AM,0.653999984
12/23/2003 11:00:00 AM,0.456999987
12/23/2003 12:00:00 PM,0.393000007
12/23/2003 01:00:00 PM,0.441000015
12/23/2003 02:00:00 PM,0.497999996
12/23/2003 03:00:00 PM,0.370000005
12/23/2003 04:00:00 PM,0.497000009
12/23/2003 05:00:00 PM,0.442000002
12/23/2003 06:00:00 PM,0.51700002
12/23/2003 07:00:00 PM,0.542999983
12/23/2003 08:00:00 PM,0.400999993
12/23/2003 09:00:00 PM,0.342999995
12/23/2003 10:00:00 PM,0.344999999
12/23/2003 11:00:00 PM,0.335000008
12/24/2003 12:00:00 AM,0.211999997
12/24/2003 01:00:00 AM,0.207000002
12/24/2003 02:00:00 AM,0.363999993
12/24/2003 03:00:00 AM,0.216000006
12/24/2003 04:00:00 AM,0.273999989
12/24/2003 05:00:00 AM,0.303000003
12/24/2003 06:00:00 AM,0.308999985
12/24/2003 07:00:00 AM,0.397000015
12/24/2003 08:00:00 AM,0.549000025
12/24/2003 09:00:00 AM,0.351000011
12/24/2003 10:00:00 AM,0.261000007
12/24/2003 11:00:00 AM,0.273000002
12/24/2003 12:00:00 PM,0.368000001
12/24/2003 01:00:00 PM,0.32100001
12/24/2003 02:00:00 PM,0.307000011
12/24/2003 03:00:00 PM,0.25999999
12/24/2003 04:00:00 PM,0.312000006
12/24/2003 05:00:00 PM,0.340000004
12/24/2003 06:00:00 PM,0.338999987
12/24/2003 07:00:00 PM,0.398000002
12/24/2003 08:00:00 PM,0.55400002
12/24/2003 09:00:00 PM,0.726000011
12/24/2003 10:00:00 PM,1.02699995
12/24/2003 11:00:00 PM,1.235000014
12/25/2003 12:00:00 AM,1.042999983
12/25/2003 01:00:00 AM,0.82099998
12/25/2003 02:00:00 AM,1.044999957
12/25/2003 03:00:00 AM,0.83099997
12/25/2003 04:00:00 AM,0.649999976
12/25/2003 05:00:00 AM,0.769999981
12/25/2003 06:00:00 AM,0.824999988
12/25/2003 07:00:00 AM,0.762000024
12/25/2003 08:00:00 AM,0.405000001
12/25/2003 09:00:00 AM,0.551999986
12/25/2003 10:00:00 AM,0
12/25/2003 11:00:00 AM,0.321999997
12/25/2003 12:00:00 PM,0.231000006
12/25/2003 01:00:00 PM,0.137999997
12/25/2003 02:00:00 PM,0.136999995
12/25/2003 03:00:00 PM,0.298000008
12/25/2003 04:00:00 PM,0.694000006
12/25/2003 05:00:00 PM,1.049000025
12/25/2003 06:00:00 PM,0.811999977
12/25/2003 07:00:00 PM,0.504999995
12/25/2003 08:00:00 PM,0.308999985
12/25/2003 09:00:00 PM,0.316000015
12/25/2003 10:00:00 PM,0.532999992
12/25/2003 11:00:00 PM,1.368000031
12/26/2003 12:00:00 AM,1.728999972
12/26/2003 01:00:00 AM,1.465999961
12/26/2003 02:00:00 AM,0.848999977
12/26/2003 03:00:00 AM,1.332999945
12/26/2003 04:00:00 AM,1.628000021
12/26/2003 05:00:00 AM,0.963
12/26/2003 06:00:00 AM,0.805000007
12/26/2003 07:00:00 AM,0.541999996
12/26/2003 08:00:00 AM,0.839999974
12/26/2003 09:00:00 AM,0.561999977
12/26/2003 10:00:00 AM,0.43599999
12/26/2003 11:00:00 AM,0.518000007
12/26/2003 12:00:00 PM,0.725000024
12/26/2003 01:00:00 PM,0.787999988
12/26/2003 02:00:00 PM,0.50999999
12/26/2003 03:00:00 PM,0.851000011
12/26/2003 04:00:00 PM,0.73299998
12/26/2003 05:00:00 PM,0.620000005
12/26/2003 06:00:00 PM,0.698000014
12/26/2003 07:00:00 PM,1.090000033
12/26/2003 08:00:00 PM,0.634000003
12/26/2003 09:00:00 PM,0.703000009
12/26/2003 10:00:00 PM,1.210999966
12/26/2003 11:00:00 PM,0.762000024
12/27/2003 12:00:00 AM,0.654999971
12/27/2003 01:00:00 AM,0.702000022
12/27/2003 02:00:00 AM,0.930000007
12/27/2003 03:00:00 AM,0.712000012
12/27/2003 04:00:00 AM,0.81400001
12/27/2003 05:00:00 AM,1.161000013
12/27/2003 06:00:00 AM,1.05400002
12/27/2003 07:00:00 AM,1.078999996
12/27/2003 08:00:00 AM,0.55400002
12/27/2003 09:00:00 AM,0.921999991
12/27/2003 10:00:00 AM,0.551999986
12/27/2003 11:00:00 AM,0.813000023
12/27/2003 12:00:00 PM,1.019999981
12/27/2003 01:00:00 PM,3.526000023
12/27/2003 02:00:00 PM,1.319000006
12/27/2003 03:00:00 PM,0.527999997
12/27/2003 04:00:00 PM,0.751999974
12/27/2003 05:00:00 PM,0.596000016
12/27/2003 06:00:00 PM,0.497999996
12/27/2003 07:00:00 PM,0.493999988
12/27/2003 08:00:00 PM,0.386000007
12/27/2003 09:00:00 PM,0.360000014
12/27/2003 10:00:00 PM,0.319999993
12/27/2003 11:00:00 PM,0.460000008
12/28/2003 12:00:00 AM,0.384000003
12/28/2003 01:00:00 AM,0.365999997
12/28/2003 02:00:00 AM,0.449000001
12/28/2003 03:00:00 AM,0.35800001
12/28/2003 04:00:00 AM,0.912
12/28/2003 05:00:00 AM,0.839999974
12/28/2003 06:00:00 AM,1.003999949
12/28/2003 07:00:00 AM,0.358999997
12/28/2003 08:00:00 AM,0.703999996
12/28/2003 09:00:00 AM,0.423999995
12/28/2003 10:00:00 AM,0.688000023
12/28/2003 11:00:00 AM,0.550000012
12/28/2003 12:00:00 PM,0.523999989
12/28/2003 01:00:00 PM,0.628000021
12/28/2003 02:00:00 PM,0.648999989
12/28/2003 03:00:00 PM,0.791999996
12/28/2003 04:00:00 PM,0.850000024
12/28/2003 05:00:00 PM,0.662999988
12/28/2003 06:00:00 PM,0.787
12/28/2003 07:00:00 PM,0.990999997
12/28/2003 08:00:00 PM,0.574000001
12/28/2003 09:00:00 PM,0.335000008
12/28/2003 10:00:00 PM,1.827000022
12/28/2003 11:00:00 PM,0.432000011
12/29/2003 12:00:00 AM,0.26699999
12/29/2003 01:00:00 AM,0.244000003
12/29/2003 02:00:00 AM,0.250999987
12/29/2003 03:00:00 AM,0.172999993
12/29/2003 04:00:00 AM,0.344999999
12/29/2003 05:00:00 AM,0.405999988
12/29/2003 06:00:00 AM,0.851000011
12/29/2003 07:00:00 AM,2.381000042
12/29/2003 08:00:00 AM,1.644000053
12/29/2003 09:00:00 AM,0.957000017
12/29/2003 10:00:00 AM,0.947000027
12/29/2003 11:00:00 AM,0.643000007
12/29/2003 12:00:00 PM,0.532999992
12/29/2003 01:00:00 PM,0.241999999
12/29/2003 02:00:00 PM,0.203999996
12/29/2003 03:00:00 PM,0.356000006
12/29/2003 04:00:00 PM,0.307999998
12/29/2003 05:00:00 PM,0.342999995
12/29/2003 06:00:00 PM,0.330000013
12/29/2003 07:00:00 PM,0.509000003
12/29/2003 08:00:00 PM,0.769999981
12/29/2003 09:00:00 PM,0.79400003
12/29/2003 10:00:00 PM,0.818000019
12/29/2003 11:00:00 PM,0.676999986
12/30/2003 12:00:00 AM,0.583999991
12/30/2003 01:00:00 AM,0.606999993
12/30/2003 02:00:00 AM,0.514999986
12/30/2003 03:00:00 AM,0.483999997
12/30/2003 04:00:00 AM,0.501999974
12/30/2003 05:00:00 AM,0.660000026
12/30/2003 06:00:00 AM,0.790000021
12/30/2003 07:00:00 AM,0.916000009
12/30/2003 08:00:00 AM,1.276000023
12/30/2003 09:00:00 AM,0.779999971
12/30/2003 10:00:00 AM,0.66900003
12/30/2003 11:00:00 AM,0.50999999
12/30/2003 12:00:00 PM,0.518999994
12/30/2003 01:00:00 PM,0.268000007
12/30/2003 02:00:00 PM,0.644999981
12/30/2003 03:00:00 PM,0.64200002
12/30/2003 04:00:00 PM,0.252000004
12/30/2003 05:00:00 PM,0.485000014
12/30/2003 06:00:00 PM,0.493000001
12/30/2003 07:00:00 PM,0.400000006
12/30/2003 08:00:00 PM,0.25999999
12/30/2003 09:00:00 PM,0.31099999
12/30/2003 10:00:00 PM,0.782999992
12/30/2003 11:00:00 PM,0.453000009
12/31/2003 12:00:00 AM,0.524999976
12/31/2003 01:00:00 AM,0.699999988
12/31/2003 02:00:00 AM,0.522000015
12/31/2003 03:00:00 AM,0.532000005
12/31/2003 04:00:00 AM,0.529999971
12/31/2003 05:00:00 AM,0.460000008
12/31/2003 06:00:00 AM,0.640999973
12/31/2003 07:00:00 AM,2.59800005
12/31/2003 08:00:00 AM,2.236000061
12/31/2003 09:00:00 AM,0.903999984
12/31/2003 10:00:00 AM,0.632000029
12/31/2003 11:00:00 AM,0.681999981
12/31/2003 12:00:00 PM,0.379000008
12/31/2003 01:00:00 PM,0.405999988
12/31/2003 02:00:00 PM,0.56099999
12/31/2003 03:00:00 PM,1.139000058
12/31/2003 04:00:00 PM,1.702000022
12/31/2003 05:00:00 PM,2.898999929
12/31/2003 06:00:00 PM,2.34100008
12/31/2003 07:00:00 PM,0.912
12/31/2003 08:00:00 PM,1.230999947
12/31/2003 09:00:00 PM,1.268000007
12/31/2003 10:00:00 PM,1.067999959
12/31/2003 11:00:00 PM,2.371000051
1/1/2004 12:00:00 AM,1.680999994
1/1/2004 01:00:00 AM,0.782999992
1/1/2004 02:00:00 AM,1.218999982
1/1/2004 03:00:00 AM,1.345999956
1/1/2004 04:00:00 AM,0.903999984
1/1/2004 05:00:00 AM,1.049999952
1/1/2004 06:00:00 AM,1.180999994
1/1/2004 07:00:00 AM,0.856999993
1/1/2004 08:00:00 AM,0.842000008
1/1/2004 09:00:00 AM,0.880999982
1/1/2004 10:00:00 AM,0.500999987
1/1/2004 11:00:00 AM,0.407999992
1/1/2004 12:00:00 PM,0.333000004
1/1/2004 01:00:00 PM,0.333000004
1/1/2004 02:00:00 PM,0.388000011
1/1/2004 03:00:00 PM,0.542999983
1/1/2004 04:00:00 PM,0.405999988
1/1/2004 05:00:00 PM,0.388000011
1/1/2004 06:00:00 PM,0.442000002
1/1/2004 07:00:00 PM,0.365999997
1/1/2004 08:00:00 PM,0.479999989
1/1/2004 09:00:00 PM,0.453000009
1/1/2004 10:00:00 PM,0.504999995
1/1/2004 11:00:00 PM,0.621999979
1/2/2004 12:00:00 AM,0.603999972
1/2/2004 01:00:00 AM,0.809000015
1/2/2004 02:00:00 AM,1.001000047
1/2/2004 03:00:00 AM,0.68599999
1/2/2004 04:00:00 AM,0.541000009
1/2/2004 05:00:00 AM,0.765999973
1/2/2004 06:00:00 AM,1.651000023
1/2/2004 07:00:00 AM,1.457999945
1/2/2004 08:00:00 AM,1.712000012
1/2/2004 09:00:00 AM,1.131999969
1/2/2004 10:00:00 AM,0.750999987
1/2/2004 11:00:00 AM,0.649999976
1/2/2004 12:00:00 PM,0.536000013
1/2/2004 01:00:00 PM,0.731999993
1/2/2004 02:00:00 PM,0.754999995
1/2/2004 03:00:00 PM,0.647000015
1/2/2004 04:00:00 PM,0.605000019
1/2/2004 05:00:00 PM,0.495000005
1/2/2004 06:00:00 PM,0.532000005
1/2/2004 07:00:00 PM,0.522000015
1/2/2004 08:00:00 PM,0.675999999
1/2/2004 09:00:00 PM,0.430999994
1/2/2004 10:00:00 PM,1.898000002
1/2/2004 11:00:00 PM,6.127999783
1/3/2004 12:00:00 AM,0.926999986
1/3/2004 01:00:00 AM,0.879000008
1/3/2004 02:00:00 AM,0.97299999
1/3/2004 03:00:00 AM,1.363000035
1/3/2004 04:00:00 AM,0.561999977
1/3/2004 05:00:00 AM,0.463
1/3/2004 06:00:00 AM,0.404000014
1/3/2004 07:00:00 AM,0
1/3/2004 08:00:00 AM,0.874000013
1/3/2004 09:00:00 AM,1.980999947
1/3/2004 10:00:00 AM,1.781999946
1/3/2004 11:00:00 AM,0.851999998
1/3/2004 12:00:00 PM,0.643999994
1/3/2004 01:00:00 PM,0.68599999
1/3/2004 02:00:00 PM,0.848999977
1/3/2004 03:00:00 PM,0.605000019
1/3/2004 04:00:00 PM,0.375999987
1/3/2004 05:00:00 PM,0.439999998
1/3/2004 06:00:00 PM,0.683000028
1/3/2004 07:00:00 PM,0.495999992
1/3/2004 08:00:00 PM,0.651000023
1/3/2004 09:00:00 PM,0.442000002
1/3/2004 10:00:00 PM,0.398999989
1/3/2004 11:00:00 PM,0.257999986
1/4/2004 12:00:00 AM,0.239999995
1/4/2004 01:00:00 AM,0.36500001
1/4/2004 02:00:00 AM,0.085000001
1/4/2004 03:00:00 AM,0.07
1/4/2004 04:00:00 AM,0.044
1/4/2004 05:00:00 AM,0.048999999
1/4/2004 06:00:00 AM,0.056000002
1/4/2004 07:00:00 AM,0.128999993
1/4/2004 08:00:00 AM,0.214000002
1/4/2004 09:00:00 AM,0.172999993
1/4/2004 10:00:00 AM,0.160999998
1/4/2004 11:00:00 AM,0.261000007
1/4/2004 12:00:00 PM,0.282000005
1/4/2004 01:00:00 PM,0.31099999
1/4/2004 02:00:00 PM,0.367000014
1/4/2004 03:00:00 PM,0.317999989
1/4/2004 04:00:00 PM,0.202000007
1/4/2004 05:00:00 PM,0.231000006
1/4/2004 06:00:00 PM,0.261999995
1/4/2004 07:00:00 PM,0.277999997
1/4/2004 08:00:00 PM,0.231999993
1/4/2004 09:00:00 PM,0.164000005
1/4/2004 10:00:00 PM,0.222000003
1/4/2004 11:00:00 PM,0.215000004
1/5/2004 12:00:00 AM,0.246000007
1/5/2004 01:00:00 AM,0.188999996
1/5/2004 02:00:00 AM,0.196999997
1/5/2004 03:00:00 AM,0.165999994
1/5/2004 04:00:00 AM,0.200000003
1/5/2004 05:00:00 AM,0.277999997
1/5/2004 06:00:00 AM,0.405000001
1/5/2004 07:00:00 AM,0.416000009
1/5/2004 08:00:00 AM,0.49000001
1/5/2004 09:00:00 AM,0.397000015
1/5/2004 10:00:00 AM,0.538999975
1/5/2004 11:00:00 AM,0.442999989
1/5/2004 12:00:00 PM,0.518999994
1/5/2004 01:00:00 PM,0.500999987
1/5/2004 02:00:00 PM,0.497999996
1/5/2004 03:00:00 PM,0.442999989
1/5/2004 04:00:00 PM,0.5
1/5/2004 05:00:00 PM,0.338999987
1/5/2004 06:00:00 PM,0.218999997
1/5/2004 07:00:00 PM,0.196999997
1/5/2004 08:00:00 PM,0.219999999
1/5/2004 09:00:00 PM,0.199000001
1/5/2004 10:00:00 PM,0.178000003
1/5/2004 11:00:00 PM,0.182999998
1/6/2004 12:00:00 AM,0.149000004
1/6/2004 01:00:00 AM,0.138999999
1/6/2004 02:00:00 AM,0.140000001
1/6/2004 03:00:00 AM,0.096000001
1/6/2004 04:00:00 AM,0.115999997
1/6/2004 05:00:00 AM,0.141000003
1/6/2004 06:00:00 AM,0.218999997
1/6/2004 07:00:00 AM,0.634000003
1/6/2004 08:00:00 AM,0.347000003
1/6/2004 09:00:00 AM,0.36500001
1/6/2004 10:00:00 AM,0.284999996
1/6/2004 11:00:00 AM,0.261000007
1/6/2004 12:00:00 PM,0.257999986
1/6/2004 01:00:00 PM,0.244000003
1/6/2004 02:00:00 PM,0.247999996
1/6/2004 03:00:00 PM,0.216000006
1/6/2004 04:00:00 PM,0.213
1/6/2004 05:00:00 PM,0.247999996
1/6/2004 06:00:00 PM,0.277999997
1/6/2004 07:00:00 PM,0.328999996
1/6/2004 08:00:00 PM,0.307000011
1/6/2004 09:00:00 PM,0.321999997
1/6/2004 10:00:00 PM,0.361999989
1/6/2004 11:00:00 PM,0.414000005
1/7/2004 12:00:00 AM,0.344000012
1/7/2004 01:00:00 AM,0.34799999
1/7/2004 02:00:00 AM,0.458000004
1/7/2004 03:00:00 AM,0.291000009
1/7/2004 04:00:00 AM,0.263000011
1/7/2004 05:00:00 AM,0.388999999
1/7/2004 06:00:00 AM,0.549000025
1/7/2004 07:00:00 AM,1.123000026
1/7/2004 08:00:00 AM,0.943000019
1/7/2004 09:00:00 AM,0.841000021
1/7/2004 10:00:00 AM,0.644999981
1/7/2004 11:00:00 AM,0.470999986
1/7/2004 12:00:00 PM,0.463
1/7/2004 01:00:00 PM,0.713999987
1/7/2004 02:00:00 PM,0.763999999
1/7/2004 03:00:00 PM,0.725000024
1/7/2004 04:00:00 PM,0.230000004
1/7/2004 05:00:00 PM,0.323000014
1/7/2004 06:00:00 PM,0.500999987
1/7/2004 07:00:00 PM,0.379999995
1/7/2004 08:00:00 PM,0.374000013
1/7/2004 09:00:00 PM,0.444000006
1/7/2004 10:00:00 PM,0.254000008
1/7/2004 11:00:00 PM,0.32100001
1/8/2004 12:00:00 AM,0.234999999
1/8/2004 01:00:00 AM,0.246999994
1/8/2004 02:00:00 AM,0.213
1/8/2004 03:00:00 AM,0.236000001
1/8/2004 04:00:00 AM,0.312000006
1/8/2004 05:00:00 AM,0.379000008
1/8/2004 06:00:00 AM,0.674000025
1/8/2004 07:00:00 AM,0.866999984
1/8/2004 08:00:00 AM,1.917000055
1/8/2004 09:00:00 AM,0.885999978
1/8/2004 10:00:00 AM,0.477999985
1/8/2004 11:00:00 AM,0.488999993
1/8/2004 12:00:00 PM,0.583000004
1/8/2004 01:00:00 PM,1.228000045
1/8/2004 02:00:00 PM,0.958999991
1/8/2004 03:00:00 PM,0.765999973
1/8/2004 04:00:00 PM,0.773000002
1/8/2004 05:00:00 PM,1.118000031
1/8/2004 06:00:00 PM,1.011000037
1/8/2004 07:00:00 PM,0.875999987
1/8/2004 08:00:00 PM,1.088000059
1/8/2004 09:00:00 PM,1.534000039
1/8/2004 10:00:00 PM,1.458999991
1/8/2004 11:00:00 PM,1.488000035
1/9/2004 12:00:00 AM,1.101999998
1/9/2004 01:00:00 AM,0.714999974
1/9/2004 02:00:00 AM,0.483999997
1/9/2004 03:00:00 AM,0.749000013
1/9/2004 04:00:00 AM,1.041000009
1/9/2004 05:00:00 AM,0.83099997
1/9/2004 06:00:00 AM,0.893999994
1/9/2004 07:00:00 AM,1.847000003
1/9/2004 08:00:00 AM,1.648000002
1/9/2004 09:00:00 AM,1.166000009
1/9/2004 10:00:00 AM,1.072999954
1/9/2004 11:00:00 AM,0.976999998
1/9/2004 12:00:00 PM,1.182999969
1/9/2004 01:00:00 PM,0.791000009
1/9/2004 02:00:00 PM,0.779999971
1/9/2004 03:00:00 PM,0.744000018
1/9/2004 04:00:00 PM,0.648000002
1/9/2004 05:00:00 PM,0.596000016
1/9/2004 06:00:00 PM,0.453999996
1/9/2004 07:00:00 PM,0.462000012
1/9/2004 08:00:00 PM,0.736999989
1/9/2004 09:00:00 PM,0.958000004
1/9/2004 10:00:00 PM,0.690999985
1/9/2004 11:00:00 PM,0.419999987
1/10/2004 12:00:00 AM,0.266000003
1/10/2004 01:00:00 AM,0.563000023
1/10/2004 02:00:00 AM,2.390000105
1/10/2004 03:00:00 AM,0.560000002
1/10/2004 04:00:00 AM,0.995000005
1/10/2004 05:00:00 AM,0.745999992
1/10/2004 06:00:00 AM,0.848999977
1/10/2004 07:00:00 AM,0.848999977
1/10/2004 08:00:00 AM,1.345999956
1/10/2004 09:00:00 AM,0.391000003
1/10/2004 10:00:00 AM,0.591000021
1/10/2004 11:00:00 AM,0.372999996
1/10/2004 12:00:00 PM,0.354999989
1/10/2004 01:00:00 PM,0.254000008
1/10/2004 02:00:00 PM,0.234999999
1/10/2004 03:00:00 PM,0.349999994
1/10/2004 04:00:00 PM,0.335999995
1/10/2004 05:00:00 PM,1.131000042
1/10/2004 06:00:00 PM,1.212000012
1/10/2004 07:00:00 PM,0.667999983
1/10/2004 08:00:00 PM,0.354999989
1/10/2004 09:00:00 PM,0.381999999
1/10/2004 10:00:00 PM,0.433999985
1/10/2004 11:00:00 PM,0.472000003
1/11/2004 12:00:00 AM,0.822000027
1/11/2004 01:00:00 AM,1.184000015
1/11/2004 02:00:00 AM,1.042000055
1/11/2004 03:00:00 AM,0.574000001
1/11/2004 04:00:00 AM,0.680000007
1/11/2004 05:00:00 AM,0.651000023
1/11/2004 06:00:00 AM,0.662999988
1/11/2004 07:00:00 AM,1.161999941
1/11/2004 08:00:00 AM,0.683000028
1/11/2004 09:00:00 AM,0.47299999
1/11/2004 10:00:00 AM,0.432999998
1/11/2004 11:00:00 AM,0.395999998
1/11/2004 12:00:00 PM,0.435000002
1/11/2004 01:00:00 PM,0.551999986
1/11/2004 02:00:00 PM,0.351999998
1/11/2004 03:00:00 PM,0.280999988
1/11/2004 04:00:00 PM,0.335999995
1/11/2004 05:00:00 PM,0.536000013
1/11/2004 06:00:00 PM,0.897000015
1/11/2004 07:00:00 PM,0.579999983
1/11/2004 08:00:00 PM,0.644999981
1/11/2004 09:00:00 PM,0.442000002
1/11/2004 10:00:00 PM,0.388999999
1/11/2004 11:00:00 PM,0.486000001
1/12/2004 12:00:00 AM,1.286000013
1/12/2004 01:00:00 AM,1.085000038
1/12/2004 02:00:00 AM,0.75999999
1/12/2004 03:00:00 AM,1.047000051
1/12/2004 04:00:00 AM,0.741999984
1/12/2004 05:00:00 AM,0.63499999
1/12/2004 06:00:00 AM,0.712000012
1/12/2004 07:00:00 AM,0.995000005
1/12/2004 08:00:00 AM,1.065999985
1/12/2004 09:00:00 AM,1.106999993
1/12/2004 10:00:00 AM,0.702000022
1/12/2004 11:00:00 AM,0.551999986
1/12/2004 12:00:00 PM,0.546000004
1/12/2004 01:00:00 PM,0.532999992
1/12/2004 02:00:00 PM,0.635999978
1/12/2004 03:00:00 PM,1.282999992
1/12/2004 04:00:00 PM,1.121999979
1/12/2004 05:00:00 PM,2.619999886
1/12/2004 06:00:00 PM,3.102999926
1/12/2004 07:00:00 PM,4.281000137
1/12/2004 08:00:00 PM,3.316999912
1/12/2004 09:00:00 PM,3.10800004
1/12/2004 10:00:00 PM,2.645999908
1/12/2004 11:00:00 PM,2.818000078
1/13/2004 12:00:00 AM,1.968999982
1/13/2004 01:00:00 AM,1.22300005
1/13/2004 02:00:00 AM,1.608999968
1/13/2004 03:00:00 AM,1.47300005
1/13/2004 04:00:00 AM,1.340999961
1/13/2004 05:00:00 AM,1.789000034
1/13/2004 06:00:00 AM,3.407000065
1/13/2004 07:00:00 AM,4.277999878
1/13/2004 08:00:00 AM,3.628000021
1/13/2004 09:00:00 AM,1.069000006
1/13/2004 10:00:00 AM,0.916000009
1/13/2004 11:00:00 AM,0.495999992
1/13/2004 12:00:00 PM,0.505999982
1/13/2004 01:00:00 PM,0.335000008
1/13/2004 02:00:00 PM,0.388000011
1/13/2004 03:00:00 PM,0.626999974
1/13/2004 04:00:00 PM,0.688000023
1/13/2004 05:00:00 PM,1.149999976
1/13/2004 06:00:00 PM,0.93900001
1/13/2004 07:00:00 PM,2.674000025
1/13/2004 08:00:00 PM,2.22300005
1/13/2004 09:00:00 PM,3.220999956
1/13/2004 10:00:00 PM,2.713999987
1/13/2004 11:00:00 PM,3.065000057
1/14/2004 12:00:00 AM,2.46600008
1/14/2004 01:00:00 AM,3.194000006
1/14/2004 02:00:00 AM,1.475999951
1/14/2004 03:00:00 AM,1.355000019
1/14/2004 04:00:00 AM,1.550999999
1/14/2004 05:00:00 AM,1.274000049
1/14/2004 06:00:00 AM,1.511000037
1/14/2004 07:00:00 AM,1.141000032
1/14/2004 08:00:00 AM,1.207999945
1/14/2004 09:00:00 AM,1.133000016
1/14/2004 10:00:00 AM,1.090000033
1/14/2004 11:00:00 AM,0.894999981
1/14/2004 12:00:00 PM,0.731999993
1/14/2004 01:00:00 PM,0.927999973
1/14/2004 02:00:00 PM,1.039999962
1/14/2004 03:00:00 PM,0.839999974
1/14/2004 04:00:00 PM,0.569999993
1/14/2004 05:00:00 PM,0.407999992
1/14/2004 06:00:00 PM,0.305999994
1/14/2004 07:00:00 PM,0.273000002
1/14/2004 08:00:00 PM,0.263999999
1/14/2004 09:00:00 PM,0.272000015
1/14/2004 10:00:00 PM,0.34799999
1/14/2004 11:00:00 PM,0.781000018
1/15/2004 12:00:00 AM,0.432000011
1/15/2004 01:00:00 AM,0.333000004
1/15/2004 02:00:00 AM,0.301999986
1/15/2004 03:00:00 AM,0.409000009
1/15/2004 04:00:00 AM,0.448000014
1/15/2004 05:00:00 AM,1.264999986
1/15/2004 06:00:00 AM,1.605000019
1/15/2004 07:00:00 AM,2.288000107
1/15/2004 08:00:00 AM,1.514000058
1/15/2004 09:00:00 AM,2.203000069
1/15/2004 10:00:00 AM,1.457000017
1/15/2004 11:00:00 AM,0
1/15/2004 12:00:00 PM,0.986000001
1/15/2004 01:00:00 PM,0.851999998
1/15/2004 02:00:00 PM,0.996999979
1/15/2004 03:00:00 PM,0.67900002
1/15/2004 04:00:00 PM,0.583000004
1/15/2004 05:00:00 PM,3.983999968
1/15/2004 06:00:00 PM,1.220999956
1/15/2004 07:00:00 PM,0.837000012
1/15/2004 08:00:00 PM,0.727999985
1/15/2004 09:00:00 PM,0.771000028
1/15/2004 10:00:00 PM,0.586000025
1/15/2004 11:00:00 PM,0.615999997
1/16/2004 12:00:00 AM,0.713
1/16/2004 01:00:00 AM,1.207000017
1/16/2004 02:00:00 AM,1.264999986
1/16/2004 03:00:00 AM,1.429999948
1/16/2004 04:00:00 AM,1.023000002
1/16/2004 05:00:00 AM,1.031000018
1/16/2004 06:00:00 AM,1.074000001
1/16/2004 07:00:00 AM,1.082999945
1/16/2004 08:00:00 AM,1.187999964
1/16/2004 09:00:00 AM,1.442000031
1/16/2004 10:00:00 AM,1.087000012
1/16/2004 11:00:00 AM,0.861999989
1/16/2004 12:00:00 PM,1.04400003
1/16/2004 01:00:00 PM,1.24000001
1/16/2004 02:00:00 PM,1.182000041
1/16/2004 03:00:00 PM,1.029000044
1/16/2004 04:00:00 PM,0.963
1/16/2004 05:00:00 PM,0.675999999
1/16/2004 06:00:00 PM,1.325999975
1/16/2004 07:00:00 PM,0.864000022
1/16/2004 08:00:00 PM,0.776000023
1/16/2004 09:00:00 PM,0.782999992
1/16/2004 10:00:00 PM,0.751999974
1/16/2004 11:00:00 PM,0.788999975
1/17/2004 12:00:00 AM,0.552999973
1/17/2004 01:00:00 AM,1.340000033
1/17/2004 02:00:00 AM,1.042999983
1/17/2004 03:00:00 AM,0.930000007
1/17/2004 04:00:00 AM,1.021999955
1/17/2004 05:00:00 AM,0.488000005
1/17/2004 06:00:00 AM,1.011000037
1/17/2004 07:00:00 AM,1.088999987
1/17/2004 08:00:00 AM,1.932000041
1/17/2004 09:00:00 AM,1.404999971
1/17/2004 10:00:00 AM,0.958000004
1/17/2004 11:00:00 AM,0.684000015
1/17/2004 12:00:00 PM,0.578000009
1/17/2004 01:00:00 PM,1.057999969
1/17/2004 02:00:00 PM,1.409000039
1/17/2004 03:00:00 PM,0.973999977
1/17/2004 04:00:00 PM,0.954999983
1/17/2004 05:00:00 PM,1.072999954
1/17/2004 06:00:00 PM,1.06400001
1/17/2004 07:00:00 PM,0.779999971
1/17/2004 08:00:00 PM,0.470999986
1/17/2004 09:00:00 PM,0.508000016
1/17/2004 10:00:00 PM,0.42899999
1/17/2004 11:00:00 PM,0.43599999
1/18/2004 12:00:00 AM,0.372000009
1/18/2004 01:00:00 AM,0.36500001
1/18/2004 02:00:00 AM,0.381000012
1/18/2004 03:00:00 AM,0.375999987
1/18/2004 04:00:00 AM,0.246999994
1/18/2004 05:00:00 AM,0.206
1/18/2004 06:00:00 AM,0.224999994
1/18/2004 07:00:00 AM,0.127000004
1/18/2004 08:00:00 AM,0.166999996
1/18/2004 09:00:00 AM,0.163000003
1/18/2004 10:00:00 AM,0.182999998
1/18/2004 11:00:00 AM,0.240999997
1/18/2004 12:00:00 PM,0.236000001
1/18/2004 01:00:00 PM,0.202000007
1/18/2004 02:00:00 PM,0.275999993
1/18/2004 03:00:00 PM,0.277999997
1/18/2004 04:00:00 PM,0.257999986
1/18/2004 05:00:00 PM,0.213
1/18/2004 06:00:00 PM,0.187999994
1/18/2004 07:00:00 PM,0.202999994
1/18/2004 08:00:00 PM,0.184
1/18/2004 09:00:00 PM,0.237000003
1/18/2004 10:00:00 PM,0.200000003
1/18/2004 11:00:00 PM,0.166999996
1/19/2004 12:00:00 AM,0.179000005
1/19/2004 01:00:00 AM,0.180999994
1/19/2004 02:00:00 AM,0.131999999
1/19/2004 03:00:00 AM,0.128000006
1/19/2004 04:00:00 AM,0.111000001
1/19/2004 05:00:00 AM,0.143000007
1/19/2004 06:00:00 AM,0.273000002
1/19/2004 07:00:00 AM,0.259000003
1/19/2004 08:00:00 AM,0.308999985
1/19/2004 09:00:00 AM,0.187000006
1/19/2004 10:00:00 AM,0.284000009
1/19/2004 11:00:00 AM,0.270999998
1/19/2004 12:00:00 PM,0.273000002
1/19/2004 01:00:00 PM,0.268000007
1/19/2004 02:00:00 PM,0.257999986
1/19/2004 03:00:00 PM,0.437000006
1/19/2004 04:00:00 PM,0.488999993
1/19/2004 05:00:00 PM,0.623000026
1/19/2004 06:00:00 PM,0.59799999
1/19/2004 07:00:00 PM,0.549000025
1/19/2004 08:00:00 PM,0.763000011
1/19/2004 09:00:00 PM,0.882000029
1/19/2004 10:00:00 PM,0.805999994
1/19/2004 11:00:00 PM,1.136999965
1/20/2004 12:00:00 AM,0.753000021
1/20/2004 01:00:00 AM,0.555999994
1/20/2004 02:00:00 AM,0.550000012
1/20/2004 03:00:00 AM,0.598999977
1/20/2004 04:00:00 AM,0.796999991
1/20/2004 05:00:00 AM,1.32099998
1/20/2004 06:00:00 AM,1.537999988
1/20/2004 07:00:00 AM,1.235000014
1/20/2004 08:00:00 AM,0.851000011
1/20/2004 09:00:00 AM,0.86500001
1/20/2004 10:00:00 AM,0.662999988
1/20/2004 11:00:00 AM,0.501999974
1/20/2004 12:00:00 PM,0.405000001
1/20/2004 01:00:00 PM,0.690999985
1/20/2004 02:00:00 PM,0.488000005
1/20/2004 03:00:00 PM,0.85799998
1/20/2004 04:00:00 PM,0.605000019
1/20/2004 05:00:00 PM,0.563000023
1/20/2004 06:00:00 PM,0.665000021
1/20/2004 07:00:00 PM,0.52700001
1/20/2004 08:00:00 PM,0.492000014
1/20/2004 09:00:00 PM,0.785000026
1/20/2004 10:00:00 PM,0.762000024
1/20/2004 11:00:00 PM,1.057999969
1/21/2004 12:00:00 AM,0.717999995
1/21/2004 01:00:00 AM,0.755999982
1/21/2004 02:00:00 AM,1.062999964
1/21/2004 03:00:00 AM,0.686999977
1/21/2004 04:00:00 AM,0.824999988
1/21/2004 05:00:00 AM,1.016000032
1/21/2004 06:00:00 AM,0.922999978
1/21/2004 07:00:00 AM,1.116000056
1/21/2004 08:00:00 AM,1.353999972
1/21/2004 09:00:00 AM,1.174999952
1/21/2004 10:00:00 AM,1.077000022
1/21/2004 11:00:00 AM,0.915000021
1/21/2004 12:00:00 PM,0.848999977
1/21/2004 01:00:00 PM,0.874000013
1/21/2004 02:00:00 PM,0.763999999
1/21/2004 03:00:00 PM,0.644999981
1/21/2004 04:00:00 PM,0.661000013
1/21/2004 05:00:00 PM,1.037999988
1/21/2004 06:00:00 PM,1.001999974
1/21/2004 07:00:00 PM,0.958999991
1/21/2004 08:00:00 PM,1.442999959
1/21/2004 09:00:00 PM,0.853999972
1/21/2004 10:00:00 PM,0.58099997
1/21/2004 11:00:00 PM,0.375
1/22/2004 12:00:00 AM,0.331999987
1/22/2004 01:00:00 AM,0.448000014
1/22/2004 02:00:00 AM,0.349999994
1/22/2004 03:00:00 AM,0.351999998
1/22/2004 04:00:00 AM,0.050999999
1/22/2004 05:00:00 AM,0.172999993
1/22/2004 06:00:00 AM,0.384000003
1/22/2004 07:00:00 AM,0.421000004
1/22/2004 08:00:00 AM,0.377000004
1/22/2004 09:00:00 AM,0.34799999
1/22/2004 10:00:00 AM,0.426999986
1/22/2004 11:00:00 AM,0.444999993
1/22/2004 12:00:00 PM,0.671000004
1/22/2004 01:00:00 PM,0.416999996
1/22/2004 02:00:00 PM,0.418000013
1/22/2004 03:00:00 PM,0.34799999
1/22/2004 04:00:00 PM,0.368000001
1/22/2004 05:00:00 PM,0.455000013
1/22/2004 06:00:00 PM,0.497000009
1/22/2004 07:00:00 PM,0.405999988
1/22/2004 08:00:00 PM,0.621999979
1/22/2004 09:00:00 PM,1.111999989
1/22/2004 10:00:00 PM,1.075000048
1/22/2004 11:00:00 PM,1.629999995
1/23/2004 12:00:00 AM,1.042999983
1/23/2004 01:00:00 AM,1.049999952
1/23/2004 02:00:00 AM,0.925999999
1/23/2004 03:00:00 AM,0.749000013
1/23/2004 04:00:00 AM,0.628000021
1/23/2004 05:00:00 AM,0.474000007
1/23/2004 06:00:00 AM,0.638000011
1/23/2004 07:00:00 AM,0.691999972
1/23/2004 08:00:00 AM,0.769999981
1/23/2004 09:00:00 AM,0.745999992
1/23/2004 10:00:00 AM,0.451000005
1/23/2004 11:00:00 AM,0.361000001
1/23/2004 12:00:00 PM,0.493000001
1/23/2004 01:00:00 PM,0.356000006
1/23/2004 02:00:00 PM,0.521000028
1/23/2004 03:00:00 PM,0.503000021
1/23/2004 04:00:00 PM,0.388999999
1/23/2004 05:00:00 PM,0.560000002
1/23/2004 06:00:00 PM,0.611999989
1/23/2004 07:00:00 PM,1.411000013
1/23/2004 08:00:00 PM,2.798000097
1/23/2004 09:00:00 PM,1.215999961
1/23/2004 10:00:00 PM,1.180999994
1/23/2004 11:00:00 PM,1.157999992
1/24/2004 12:00:00 AM,0.898999989
1/24/2004 01:00:00 AM,0.675000012
1/24/2004 02:00:00 AM,0.722000003
1/24/2004 03:00:00 AM,0.893000007
1/24/2004 04:00:00 AM,0.328999996
1/24/2004 05:00:00 AM,0.367000014
1/24/2004 06:00:00 AM,0.605000019
1/24/2004 07:00:00 AM,0.657000005
1/24/2004 08:00:00 AM,0.796000004
1/24/2004 09:00:00 AM,0.838999987
1/24/2004 10:00:00 AM,0.547999978
1/24/2004 11:00:00 AM,0.629999995
1/24/2004 12:00:00 PM,0.465000004
1/24/2004 01:00:00 PM,0.550999999
1/24/2004 02:00:00 PM,0.497999996
1/24/2004 03:00:00 PM,0.533999979
1/24/2004 04:00:00 PM,0.397000015
1/24/2004 05:00:00 PM,0.996999979
1/24/2004 06:00:00 PM,0.797999978
1/24/2004 07:00:00 PM,0.48300001
1/24/2004 08:00:00 PM,0.564999998
1/24/2004 09:00:00 PM,0.492000014
1/24/2004 10:00:00 PM,0.414999992
1/24/2004 11:00:00 PM,0.361000001
1/25/2004 12:00:00 AM,0.289000005
1/25/2004 01:00:00 AM,0.193000004
1/25/2004 02:00:00 AM,0.179000005
1/25/2004 03:00:00 AM,0.160999998
1/25/2004 04:00:00 AM,0.148000002
1/25/2004 05:00:00 AM,0.207000002
1/25/2004 06:00:00 AM,0.180999994
1/25/2004 07:00:00 AM,0.182999998
1/25/2004 08:00:00 AM,0.170000002
1/25/2004 09:00:00 AM,0.254999995
1/25/2004 10:00:00 AM,0.319000006
1/25/2004 11:00:00 AM,0.270000011
1/25/2004 12:00:00 PM,0.421999991
1/25/2004 01:00:00 PM,0.338
1/25/2004 02:00:00 PM,0.40200001
1/25/2004 03:00:00 PM,0.805999994
1/25/2004 04:00:00 PM,1.266000032
1/25/2004 05:00:00 PM,1.138000011
1/25/2004 06:00:00 PM,0.768000007
1/25/2004 07:00:00 PM,0.791999996
1/25/2004 08:00:00 PM,0.688000023
1/25/2004 09:00:00 PM,0.42899999
1/25/2004 10:00:00 PM,0.333000004
1/25/2004 11:00:00 PM,0.312999994
1/26/2004 12:00:00 AM,0.372000009
1/26/2004 01:00:00 AM,0.263000011
1/26/2004 02:00:00 AM,0.256000012
1/26/2004 03:00:00 AM,0.287999988
1/26/2004 04:00:00 AM,0.300999999
1/26/2004 05:00:00 AM,0.340000004
1/26/2004 06:00:00 AM,0.474000007
1/26/2004 07:00:00 AM,0.538999975
1/26/2004 08:00:00 AM,2.342999935
1/26/2004 09:00:00 AM,1.669999957
1/26/2004 10:00:00 AM,1.39199996
1/26/2004 11:00:00 AM,0.879999995
1/26/2004 12:00:00 PM,0.497000009
1/26/2004 01:00:00 PM,0.74000001
1/26/2004 02:00:00 PM,0.883000016
1/26/2004 03:00:00 PM,1.021999955
1/26/2004 04:00:00 PM,0.832000017
1/26/2004 05:00:00 PM,0.778999984
1/26/2004 06:00:00 PM,0.588
1/26/2004 07:00:00 PM,0.467999995
1/26/2004 08:00:00 PM,0.426999986
1/26/2004 09:00:00 PM,0.319999993
1/26/2004 10:00:00 PM,0.513999999
1/26/2004 11:00:00 PM,0.423000008
1/27/2004 12:00:00 AM,0.368999988
1/27/2004 01:00:00 AM,0.43900001
1/27/2004 02:00:00 AM,0.34799999
1/27/2004 03:00:00 AM,0.324999988
1/27/2004 04:00:00 AM,0.217999995
1/27/2004 05:00:00 AM,0.239999995
1/27/2004 06:00:00 AM,0.25
1/27/2004 07:00:00 AM,0.272000015
1/27/2004 08:00:00 AM,0.284000009
1/27/2004 09:00:00 AM,0.25999999
1/27/2004 10:00:00 AM,0.259000003
1/27/2004 11:00:00 AM,0.26699999
1/27/2004 12:00:00 PM,0.233999997
1/27/2004 01:00:00 PM,0.282999992
1/27/2004 02:00:00 PM,0.230000004
1/27/2004 03:00:00 PM,0.268000007
1/27/2004 04:00:00 PM,0.319999993
1/27/2004 05:00:00 PM,0.395999998
1/27/2004 06:00:00 PM,0.32100001
1/27/2004 07:00:00 PM,0.307999998
1/27/2004 08:00:00 PM,0.338999987
1/27/2004 09:00:00 PM,0.419999987
1/27/2004 10:00:00 PM,0.331999987
1/27/2004 11:00:00 PM,0.30399999
1/28/2004 12:00:00 AM,0.360000014
1/28/2004 01:00:00 AM,0.296000004
1/28/2004 02:00:00 AM,0.323000014
1/28/2004 03:00:00 AM,0.361999989
1/28/2004 04:00:00 AM,0.418000013
1/28/2004 05:00:00 AM,0.493999988
1/28/2004 06:00:00 AM,0.681999981
1/28/2004 07:00:00 AM,0.940999985
1/28/2004 08:00:00 AM,0.948000014
1/28/2004 09:00:00 AM,0.876999974
1/28/2004 10:00:00 AM,0.825999975
1/28/2004 11:00:00 AM,0.920000017
1/28/2004 12:00:00 PM,0.437999994
1/28/2004 01:00:00 PM,0.566999972
1/28/2004 02:00:00 PM,0.676999986
1/28/2004 03:00:00 PM,1.373999953
1/28/2004 04:00:00 PM,1.09800005
1/28/2004 05:00:00 PM,1.332999945
1/28/2004 06:00:00 PM,0.870000005
1/28/2004 07:00:00 PM,1.065999985
1/28/2004 08:00:00 PM,0.940999985
1/28/2004 09:00:00 PM,0.579999983
1/28/2004 10:00:00 PM,0.488999993
1/28/2004 11:00:00 PM,0.65200001
1/29/2004 12:00:00 AM,0.442999989
1/29/2004 01:00:00 AM,0.425999999
1/29/2004 02:00:00 AM,0.842999995
1/29/2004 03:00:00 AM,0.404000014
1/29/2004 04:00:00 AM,0.381999999
1/29/2004 05:00:00 AM,0.523000002
1/29/2004 06:00:00 AM,0.694000006
1/29/2004 07:00:00 AM,0.456
1/29/2004 08:00:00 AM,0.513999999
1/29/2004 09:00:00 AM,0.575999975
1/29/2004 10:00:00 AM,0.903999984
1/29/2004 11:00:00 AM,0.686999977
1/29/2004 12:00:00 PM,1.049000025
1/29/2004 01:00:00 PM,0.873000026
1/29/2004 02:00:00 PM,0.663999975
1/29/2004 03:00:00 PM,0.591000021
1/29/2004 04:00:00 PM,0.423999995
1/29/2004 05:00:00 PM,0.418000013
1/29/2004 06:00:00 PM,0.411000013
1/29/2004 07:00:00 PM,0.356999993
1/29/2004 08:00:00 PM,0.250999987
1/29/2004 09:00:00 PM,0.298999995
1/29/2004 10:00:00 PM,0.523000002
1/29/2004 11:00:00 PM,1.345999956
1/30/2004 12:00:00 AM,0.99000001
1/30/2004 01:00:00 AM,1.06400001
1/30/2004 02:00:00 AM,0.523999989
1/30/2004 03:00:00 AM,0.405999988
1/30/2004 04:00:00 AM,0.592000008
1/30/2004 05:00:00 AM,0.796000004
1/30/2004 06:00:00 AM,0.537999988
1/30/2004 07:00:00 AM,0.663999975
1/30/2004 08:00:00 AM,0.541999996
1/30/2004 09:00:00 AM,0.776000023
1/30/2004 10:00:00 AM,0
1/30/2004 11:00:00 AM,0
1/30/2004 12:00:00 PM,0
1/30/2004 01:00:00 PM,0
1/30/2004 02:00:00 PM,0
1/30/2004 03:00:00 PM,0
1/30/2004 04:00:00 PM,0
1/30/2004 05:00:00 PM,0
1/30/2004 06:00:00 PM,0
1/30/2004 07:00:00 PM,0
1/30/2004 08:00:00 PM,0
1/30/2004 09:00:00 PM,0
1/30/2004 10:00:00 PM,0
1/30/2004 11:00:00 PM,0
1/31/2004 12:00:00 AM,0
1/31/2004 01:00:00 AM,0
1/31/2004 02:00:00 AM,0
1/31/2004 03:00:00 AM,0
1/31/2004 04:00:00 AM,0
1/31/2004 05:00:00 AM,0
1/31/2004 06:00:00 AM,0
1/31/2004 07:00:00 AM,0
1/31/2004 08:00:00 AM,0
1/31/2004 09:00:00 AM,0
1/31/2004 10:00:00 AM,0
1/31/2004 11:00:00 AM,0
1/31/2004 12:00:00 PM,0
1/31/2004 01:00:00 PM,0
1/31/2004 02:00:00 PM,0
1/31/2004 03:00:00 PM,0
1/31/2004 04:00:00 PM,0
1/31/2004 05:00:00 PM,0
1/31/2004 06:00:00 PM,0
1/31/2004 07:00:00 PM,0
1/31/2004 08:00:00 PM,0
1/31/2004 09:00:00 PM,0
1/31/2004 10:00:00 PM,0
1/31/2004 11:00:00 PM,0
2/1/2004 12:00:00 AM,0
2/1/2004 01:00:00 AM,0
2/1/2004 02:00:00 AM,0
2/1/2004 03:00:00 AM,0
2/1/2004 04:00:00 AM,0
2/1/2004 05:00:00 AM,0
2/1/2004 06:00:00 AM,0
2/1/2004 07:00:00 AM,0
2/1/2004 08:00:00 AM,0
2/1/2004 09:00:00 AM,0
2/1/2004 10:00:00 AM,0
2/1/2004 11:00:00 AM,0
2/1/2004 12:00:00 PM,0
2/1/2004 01:00:00 PM,0
2/1/2004 02:00:00 PM,0
2/1/2004 03:00:00 PM,0
2/1/2004 04:00:00 PM,0
2/1/2004 05:00:00 PM,0
2/1/2004 06:00:00 PM,0
2/1/2004 07:00:00 PM,0
2/1/2004 08:00:00 PM,0
2/1/2004 09:00:00 PM,0
2/1/2004 10:00:00 PM,0
2/1/2004 11:00:00 PM,0
2/2/2004 12:00:00 AM,0
2/2/2004 01:00:00 AM,0
2/2/2004 02:00:00 AM,0
2/2/2004 03:00:00 AM,0
2/2/2004 04:00:00 AM,0
2/2/2004 05:00:00 AM,0
2/2/2004 06:00:00 AM,0
2/2/2004 07:00:00 AM,0
2/2/2004 08:00:00 AM,0
2/2/2004 09:00:00 AM,0
2/2/2004 10:00:00 AM,0
2/2/2004 11:00:00 AM,0
2/2/2004 12:00:00 PM,0
2/2/2004 01:00:00 PM,0
2/2/2004 02:00:00 PM,0
2/2/2004 03:00:00 PM,0
2/2/2004 04:00:00 PM,0
2/2/2004 05:00:00 PM,0
2/2/2004 06:00:00 PM,0
2/2/2004 07:00:00 PM,0
2/2/2004 08:00:00 PM,0
2/2/2004 09:00:00 PM,0
2/2/2004 10:00:00 PM,0
2/2/2004 11:00:00 PM,0
2/3/2004 12:00:00 AM,0
2/3/2004 01:00:00 AM,0
2/3/2004 02:00:00 AM,0
2/3/2004 03:00:00 AM,0
2/3/2004 04:00:00 AM,0
2/3/2004 05:00:00 AM,0
2/3/2004 06:00:00 AM,0
2/3/2004 07:00:00 AM,0
2/3/2004 08:00:00 AM,0
2/3/2004 09:00:00 AM,0
2/3/2004 10:00:00 AM,0
2/3/2004 11:00:00 AM,0
2/3/2004 12:00:00 PM,0
2/3/2004 01:00:00 PM,0
2/3/2004 02:00:00 PM,0
2/3/2004 03:00:00 PM,0
2/3/2004 04:00:00 PM,0
2/3/2004 05:00:00 PM,0
2/3/2004 06:00:00 PM,0
2/3/2004 07:00:00 PM,0
2/3/2004 08:00:00 PM,0
2/3/2004 09:00:00 PM,0
2/3/2004 10:00:00 PM,0
2/3/2004 11:00:00 PM,0
2/4/2004 12:00:00 AM,0.922999978
2/4/2004 01:00:00 AM,1.003999949
2/4/2004 02:00:00 AM,0.632000029
2/4/2004 03:00:00 AM,0.453000009
2/4/2004 04:00:00 AM,0.421000004
2/4/2004 05:00:00 AM,0.495000005
2/4/2004 06:00:00 AM,0.99000001
2/4/2004 07:00:00 AM,0.595000029
2/4/2004 08:00:00 AM,0.791000009
2/4/2004 09:00:00 AM,1.549000025
2/4/2004 10:00:00 AM,0.716000021
2/4/2004 11:00:00 AM,0.684000015
2/4/2004 12:00:00 PM,0.697000027
2/4/2004 01:00:00 PM,0.621999979
2/4/2004 02:00:00 PM,0.870999992
2/4/2004 03:00:00 PM,0.698000014
2/4/2004 04:00:00 PM,1.008000016
2/4/2004 05:00:00 PM,0.723999977
2/4/2004 06:00:00 PM,0.615999997
2/4/2004 07:00:00 PM,0.595000029
2/4/2004 08:00:00 PM,0.409000009
2/4/2004 09:00:00 PM,0.379999995
2/4/2004 10:00:00 PM,0.333999991
2/4/2004 11:00:00 PM,0.321999997
2/5/2004 12:00:00 AM,0.324000001
2/5/2004 01:00:00 AM,0.349000007
2/5/2004 02:00:00 AM,0.263999999
2/5/2004 03:00:00 AM,0.379000008
2/5/2004 04:00:00 AM,0.465000004
2/5/2004 05:00:00 AM,0.453000009
2/5/2004 06:00:00 AM,0.54400003
2/5/2004 07:00:00 AM,0.773999989
2/5/2004 08:00:00 AM,0.726999998
2/5/2004 09:00:00 AM,0.787
2/5/2004 10:00:00 AM,0.547999978
2/5/2004 11:00:00 AM,0.612999976
2/5/2004 12:00:00 PM,0.721000016
2/5/2004 01:00:00 PM,0.782000005
2/5/2004 02:00:00 PM,0.731999993
2/5/2004 03:00:00 PM,0.598999977
2/5/2004 04:00:00 PM,1.389000058
2/5/2004 05:00:00 PM,1.478999972
2/5/2004 06:00:00 PM,0.908999979
2/5/2004 07:00:00 PM,1.17900002
2/5/2004 08:00:00 PM,2.650000095
2/5/2004 09:00:00 PM,1.728000045
2/5/2004 10:00:00 PM,1.031999946
2/5/2004 11:00:00 PM,0.661000013
2/6/2004 12:00:00 AM,0.600000024
2/6/2004 01:00:00 AM,0.476999998
2/6/2004 02:00:00 AM,0.472000003
2/6/2004 03:00:00 AM,0.361999989
2/6/2004 04:00:00 AM,0.368999988
2/6/2004 05:00:00 AM,0.421000004
2/6/2004 06:00:00 AM,0.423000008
2/6/2004 07:00:00 AM,0.549000025
2/6/2004 08:00:00 AM,0.65200001
2/6/2004 09:00:00 AM,0
2/6/2004 10:00:00 AM,1.02699995
2/6/2004 11:00:00 AM,0.772000015
2/6/2004 12:00:00 PM,0.739000022
2/6/2004 01:00:00 PM,0.787
2/6/2004 02:00:00 PM,0.805999994
2/6/2004 03:00:00 PM,0.600000024
2/6/2004 04:00:00 PM,0.60799998
2/6/2004 05:00:00 PM,0.535000026
2/6/2004 06:00:00 PM,0.595000029
2/6/2004 07:00:00 PM,0.523999989
2/6/2004 08:00:00 PM,0.48300001
2/6/2004 09:00:00 PM,0.416999996
2/6/2004 10:00:00 PM,0.469000012
2/6/2004 11:00:00 PM,0.374000013
2/7/2004 12:00:00 AM,0.319000006
2/7/2004 01:00:00 AM,0.275999993
2/7/2004 02:00:00 AM,0.243000001
2/7/2004 03:00:00 AM,0.257999986
2/7/2004 04:00:00 AM,0.354999989
2/7/2004 05:00:00 AM,0.263999999
2/7/2004 06:00:00 AM,0.238000005
2/7/2004 07:00:00 AM,0.284000009
2/7/2004 08:00:00 AM,0.294999987
2/7/2004 09:00:00 AM,0.330000013
2/7/2004 10:00:00 AM,0.349000007
2/7/2004 11:00:00 AM,0.335999995
2/7/2004 12:00:00 PM,0.360000014
2/7/2004 01:00:00 PM,0.268000007
2/7/2004 02:00:00 PM,0.275999993
2/7/2004 03:00:00 PM,0.259000003
2/7/2004 04:00:00 PM,0.379000008
2/7/2004 05:00:00 PM,0.451000005
2/7/2004 06:00:00 PM,0.547999978
2/7/2004 07:00:00 PM,0.458000004
2/7/2004 08:00:00 PM,0.476999998
2/7/2004 09:00:00 PM,0.551999986
2/7/2004 10:00:00 PM,0.36500001
2/7/2004 11:00:00 PM,0.397000015
2/8/2004 12:00:00 AM,0.713
2/8/2004 01:00:00 AM,0.540000021
2/8/2004 02:00:00 AM,0.568000019
2/8/2004 03:00:00 AM,0.495999992
2/8/2004 04:00:00 AM,0.550999999
2/8/2004 05:00:00 AM,1.02699995
2/8/2004 06:00:00 AM,1.934000015
2/8/2004 07:00:00 AM,0.949999988
2/8/2004 08:00:00 AM,0.662999988
2/8/2004 09:00:00 AM,0.501999974
2/8/2004 10:00:00 AM,0.372999996
2/8/2004 11:00:00 AM,0.418000013
2/8/2004 12:00:00 PM,0.409000009
2/8/2004 01:00:00 PM,0.486999989
2/8/2004 02:00:00 PM,0.426999986
2/8/2004 03:00:00 PM,0.57099998
2/8/2004 04:00:00 PM,0.426999986
2/8/2004 05:00:00 PM,0.666999996
2/8/2004 06:00:00 PM,0.48300001
2/8/2004 07:00:00 PM,0.407999992
2/8/2004 08:00:00 PM,0.303000003
2/8/2004 09:00:00 PM,0.207000002
2/8/2004 10:00:00 PM,0.201000005
2/8/2004 11:00:00 PM,0.279000014
2/9/2004 12:00:00 AM,0.213
2/9/2004 01:00:00 AM,0.228
2/9/2004 02:00:00 AM,0.236000001
2/9/2004 03:00:00 AM,0.221000001
2/9/2004 04:00:00 AM,0.282999992
2/9/2004 05:00:00 AM,0.356999993
2/9/2004 06:00:00 AM,0.59799999
2/9/2004 07:00:00 AM,1.225000024
2/9/2004 08:00:00 AM,0.953000009
2/9/2004 09:00:00 AM,0.968999982
2/9/2004 10:00:00 AM,0.913999975
2/9/2004 11:00:00 AM,0.737999976
2/9/2004 12:00:00 PM,0.550000012
2/9/2004 01:00:00 PM,0.477999985
2/9/2004 02:00:00 PM,0.261000007
2/9/2004 03:00:00 PM,0.363000005
2/9/2004 04:00:00 PM,0.47299999
2/9/2004 05:00:00 PM,0.670000017
2/9/2004 06:00:00 PM,1.162999988
2/9/2004 07:00:00 PM,1.097000003
2/9/2004 08:00:00 PM,1.325000048
2/9/2004 09:00:00 PM,1.572999954
2/9/2004 10:00:00 PM,1.973999977
2/9/2004 11:00:00 PM,1.430999994
2/10/2004 12:00:00 AM,1.286000013
2/10/2004 01:00:00 AM,1.072000027
2/10/2004 02:00:00 AM,1.067000031
2/10/2004 03:00:00 AM,0.972000003
2/10/2004 04:00:00 AM,0.723999977
2/10/2004 05:00:00 AM,0.652999997
2/10/2004 06:00:00 AM,0.698000014
2/10/2004 07:00:00 AM,0.816999972
2/10/2004 08:00:00 AM,0.851000011
2/10/2004 09:00:00 AM,0.68599999
2/10/2004 10:00:00 AM,0.414000005
2/10/2004 11:00:00 AM,0.504000008
2/10/2004 12:00:00 PM,0.317000002
2/10/2004 01:00:00 PM,0.351000011
2/10/2004 02:00:00 PM,0.307000011
2/10/2004 03:00:00 PM,0.254999995
2/10/2004 04:00:00 PM,0.259000003
2/10/2004 05:00:00 PM,0.504999995
2/10/2004 06:00:00 PM,1.175999999
2/10/2004 07:00:00 PM,1.271000028
2/10/2004 08:00:00 PM,2.871000051
2/10/2004 09:00:00 PM,3.240999937
2/10/2004 10:00:00 PM,2.926000118
2/10/2004 11:00:00 PM,1.534999967
2/11/2004 12:00:00 AM,1.623000026
2/11/2004 01:00:00 AM,1.253000021
2/11/2004 02:00:00 AM,1.014000058
2/11/2004 03:00:00 AM,0.825999975
2/11/2004 04:00:00 AM,0.726000011
2/11/2004 05:00:00 AM,0.847000003
2/11/2004 06:00:00 AM,0.644999981
2/11/2004 07:00:00 AM,1.687000036
2/11/2004 08:00:00 AM,1.222000003
2/11/2004 09:00:00 AM,3.585000038
2/11/2004 10:00:00 AM,0
2/11/2004 11:00:00 AM,1.106999993
2/11/2004 12:00:00 PM,0.526000023
2/11/2004 01:00:00 PM,0.546000004
2/11/2004 02:00:00 PM,0.591000021
2/11/2004 03:00:00 PM,0.790000021
2/11/2004 04:00:00 PM,1.029000044
2/11/2004 05:00:00 PM,0.632000029
2/11/2004 06:00:00 PM,1.052000046
2/11/2004 07:00:00 PM,1.779999971
2/11/2004 08:00:00 PM,1.812999964
2/11/2004 09:00:00 PM,2.088000059
2/11/2004 10:00:00 PM,1.422000051
2/11/2004 11:00:00 PM,0.68599999
2/12/2004 12:00:00 AM,0.165999994
2/12/2004 01:00:00 AM,0.224000007
2/12/2004 02:00:00 AM,0.231000006
2/12/2004 03:00:00 AM,0.222000003
2/12/2004 04:00:00 AM,0.197999999
2/12/2004 05:00:00 AM,0.298000008
2/12/2004 06:00:00 AM,0.337000012
2/12/2004 07:00:00 AM,0.493999988
2/12/2004 08:00:00 AM,0.617999971
2/12/2004 09:00:00 AM,0.569000006
2/12/2004 10:00:00 AM,0.575999975
2/12/2004 11:00:00 AM,0.527999997
2/12/2004 12:00:00 PM,0.684000015
2/12/2004 01:00:00 PM,0.579999983
2/12/2004 02:00:00 PM,0.707000017
2/12/2004 03:00:00 PM,0.643000007
2/12/2004 04:00:00 PM,0.493999988
2/12/2004 05:00:00 PM,0.469000012
2/12/2004 06:00:00 PM,0.492000014
2/12/2004 07:00:00 PM,0.425000012
2/12/2004 08:00:00 PM,0.312000006
2/12/2004 09:00:00 PM,0.338
2/12/2004 10:00:00 PM,0.280000001
2/12/2004 11:00:00 PM,0.294
2/13/2004 12:00:00 AM,0.194000006
2/13/2004 01:00:00 AM,0.233999997
2/13/2004 02:00:00 AM,0.282000005
2/13/2004 03:00:00 AM,0.218999997
2/13/2004 04:00:00 AM,0.280000001
2/13/2004 05:00:00 AM,0.34799999
2/13/2004 06:00:00 AM,0.402999997
2/13/2004 07:00:00 AM,0.773999989
2/13/2004 08:00:00 AM,0.611000001
2/13/2004 09:00:00 AM,0.646000028
2/13/2004 10:00:00 AM,0.515999973
2/13/2004 11:00:00 AM,0.458999991
2/13/2004 12:00:00 PM,0.36500001
2/13/2004 01:00:00 PM,0.419999987
2/13/2004 02:00:00 PM,0.936999977
2/13/2004 03:00:00 PM,0.904999971
2/13/2004 04:00:00 PM,0.934000015
2/13/2004 05:00:00 PM,1.34800005
2/13/2004 06:00:00 PM,1.14199996
2/13/2004 07:00:00 PM,1.860999942
2/13/2004 08:00:00 PM,1.440999985
2/13/2004 09:00:00 PM,1.687000036
2/13/2004 10:00:00 PM,1.059999943
2/13/2004 11:00:00 PM,1.032999992
2/14/2004 12:00:00 AM,1.049000025
2/14/2004 01:00:00 AM,0.875
2/14/2004 02:00:00 AM,1.309999943
2/14/2004 03:00:00 AM,0.694999993
2/14/2004 04:00:00 AM,0.880999982
2/14/2004 05:00:00 AM,0.961000025
2/14/2004 06:00:00 AM,0.737999976
2/14/2004 07:00:00 AM,0.791999996
2/14/2004 08:00:00 AM,1.192000031
2/14/2004 09:00:00 AM,0.896000028
2/14/2004 10:00:00 AM,0.860000014
2/14/2004 11:00:00 AM,1.047000051
2/14/2004 12:00:00 PM,1.014000058
2/14/2004 01:00:00 PM,0.531000018
2/14/2004 02:00:00 PM,0.509000003
2/14/2004 03:00:00 PM,0.537999988
2/14/2004 04:00:00 PM,0.666000009
2/14/2004 05:00:00 PM,1.006999969
2/14/2004 06:00:00 PM,2.128000021
2/14/2004 07:00:00 PM,2.171999931
2/14/2004 08:00:00 PM,0.99000001
2/14/2004 09:00:00 PM,0.911000013
2/14/2004 10:00:00 PM,0.708000004
2/14/2004 11:00:00 PM,0.827000022
2/15/2004 12:00:00 AM,0.612999976
2/15/2004 01:00:00 AM,0.524999976
2/15/2004 02:00:00 AM,0.930999994
2/15/2004 03:00:00 AM,0.736999989
2/15/2004 04:00:00 AM,0.407000005
2/15/2004 05:00:00 AM,0.216000006
2/15/2004 06:00:00 AM,0.157000005
2/15/2004 07:00:00 AM,0.196999997
2/15/2004 08:00:00 AM,0.186000004
2/15/2004 09:00:00 AM,0
2/15/2004 10:00:00 AM,0.365999997
2/15/2004 11:00:00 AM,0.296000004
2/15/2004 12:00:00 PM,0.163000003
2/15/2004 01:00:00 PM,0.210999995
2/15/2004 02:00:00 PM,0.209000006
2/15/2004 03:00:00 PM,0.098999999
2/15/2004 04:00:00 PM,0.142000005
2/15/2004 05:00:00 PM,0.193000004
2/15/2004 06:00:00 PM,0.186000004
2/15/2004 07:00:00 PM,0.188999996
2/15/2004 08:00:00 PM,0.240999997
2/15/2004 09:00:00 PM,0.166999996
2/15/2004 10:00:00 PM,0.186000004
2/15/2004 11:00:00 PM,0.151999995
2/16/2004 12:00:00 AM,0.317000002
2/16/2004 01:00:00 AM,0.204999998
2/16/2004 02:00:00 AM,0.252000004
2/16/2004 03:00:00 AM,0.216999993
2/16/2004 04:00:00 AM,0.123999998
2/16/2004 05:00:00 AM,0.175999999
2/16/2004 06:00:00 AM,0.342999995
2/16/2004 07:00:00 AM,0.527999997
2/16/2004 08:00:00 AM,0.509000003
2/16/2004 09:00:00 AM,0.684000015
2/16/2004 10:00:00 AM,0.638999999
2/16/2004 11:00:00 AM,0.495999992
2/16/2004 12:00:00 PM,0.430999994
2/16/2004 01:00:00 PM,0.822000027
2/16/2004 02:00:00 PM,0.674000025
2/16/2004 03:00:00 PM,0.578999996
2/16/2004 04:00:00 PM,0.42899999
2/16/2004 05:00:00 PM,0.365999997
2/16/2004 06:00:00 PM,0.84799999
2/16/2004 07:00:00 PM,1.00999999
2/16/2004 08:00:00 PM,1.208999991
2/16/2004 09:00:00 PM,0.936999977
2/16/2004 10:00:00 PM,1.182999969
2/16/2004 11:00:00 PM,1.011000037
2/17/2004 12:00:00 AM,0.676999986
2/17/2004 01:00:00 AM,0.52700001
2/17/2004 02:00:00 AM,0.672999978
2/17/2004 03:00:00 AM,1.833999991
2/17/2004 04:00:00 AM,1.651000023
2/17/2004 05:00:00 AM,2.440000057
2/17/2004 06:00:00 AM,2.832000017
2/17/2004 07:00:00 AM,2.799999952
2/17/2004 08:00:00 AM,3.305000067
2/17/2004 09:00:00 AM,2.697999954
2/17/2004 10:00:00 AM,1.677999973
2/17/2004 11:00:00 AM,0.884000003
2/17/2004 12:00:00 PM,0.967000008
2/17/2004 01:00:00 PM,0.926999986
2/17/2004 02:00:00 PM,0.89200002
2/17/2004 03:00:00 PM,0.801999986
2/17/2004 04:00:00 PM,0.838
2/17/2004 05:00:00 PM,1.024000049
2/17/2004 06:00:00 PM,1.092000008
2/17/2004 07:00:00 PM,0.916000009
2/17/2004 08:00:00 PM,0.869000018
2/17/2004 09:00:00 PM,1.419999957
2/17/2004 10:00:00 PM,1.518000007
2/17/2004 11:00:00 PM,1.692999959
2/18/2004 12:00:00 AM,1.514999986
2/18/2004 01:00:00 AM,1.485000014
2/18/2004 02:00:00 AM,1.506999969
2/18/2004 03:00:00 AM,1.610999942
2/18/2004 04:00:00 AM,1.230000019
2/18/2004 05:00:00 AM,1.129999995
2/18/2004 06:00:00 AM,1.156000018
2/18/2004 07:00:00 AM,1.547999978
2/18/2004 08:00:00 AM,1.289999962
2/18/2004 09:00:00 AM,1.452000022
2/18/2004 10:00:00 AM,1.019000053
2/18/2004 11:00:00 AM,0.361999989
2/18/2004 12:00:00 PM,3.963999987
2/18/2004 01:00:00 PM,0.924000025
2/18/2004 02:00:00 PM,0.34799999
2/18/2004 03:00:00 PM,0.508000016
2/18/2004 04:00:00 PM,0.347000003
2/18/2004 05:00:00 PM,0
2/18/2004 06:00:00 PM,0.862999976
2/18/2004 07:00:00 PM,0.975000024
2/18/2004 08:00:00 PM,1.161000013
2/18/2004 09:00:00 PM,1.235999942
2/18/2004 10:00:00 PM,1.090999961
2/18/2004 11:00:00 PM,0.829999983
2/19/2004 12:00:00 AM,0.82099998
2/19/2004 01:00:00 AM,0.495999992
2/19/2004 02:00:00 AM,0.676999986
2/19/2004 03:00:00 AM,0.568000019
2/19/2004 04:00:00 AM,0.462000012
2/19/2004 05:00:00 AM,0.589999974
2/19/2004 06:00:00 AM,0.660000026
2/19/2004 07:00:00 AM,0.540000021
2/19/2004 08:00:00 AM,0.540000021
2/19/2004 09:00:00 AM,0.861999989
2/19/2004 10:00:00 AM,0.832000017
2/19/2004 11:00:00 AM,0.77700001
2/19/2004 12:00:00 PM,0.675000012
2/19/2004 01:00:00 PM,0.860000014
2/19/2004 02:00:00 PM,0.606999993
2/19/2004 03:00:00 PM,0.656000018
2/19/2004 04:00:00 PM,0.689999998
2/19/2004 05:00:00 PM,0.474000007
2/19/2004 06:00:00 PM,0.582000017
2/19/2004 07:00:00 PM,0.386999995
2/19/2004 08:00:00 PM,0.356000006
2/19/2004 09:00:00 PM,0.442000002
2/19/2004 10:00:00 PM,0.49000001
2/19/2004 11:00:00 PM,0.500999987
2/20/2004 12:00:00 AM,0.964999974
2/20/2004 01:00:00 AM,0.818000019
2/20/2004 02:00:00 AM,0.550999999
2/20/2004 03:00:00 AM,0.563000023
2/20/2004 04:00:00 AM,0.375999987
2/20/2004 05:00:00 AM,0.522000015
2/20/2004 06:00:00 AM,0.463
2/20/2004 07:00:00 AM,0.623000026
2/20/2004 08:00:00 AM,0.777999997
2/20/2004 09:00:00 AM,0.864000022
2/20/2004 10:00:00 AM,0.806999981
2/20/2004 11:00:00 AM,0.649999976
2/20/2004 12:00:00 PM,0.549000025
2/20/2004 01:00:00 PM,0.60799998
2/20/2004 02:00:00 PM,0.628000021
2/20/2004 03:00:00 PM,0.666000009
2/20/2004 04:00:00 PM,0.57099998
2/20/2004 05:00:00 PM,0.412999988
2/20/2004 06:00:00 PM,0.300000012
2/20/2004 07:00:00 PM,0.545000017
2/20/2004 08:00:00 PM,0.356999993
2/20/2004 09:00:00 PM,0.402999997
2/20/2004 10:00:00 PM,0.206
2/20/2004 11:00:00 PM,0.201000005
2/21/2004 12:00:00 AM,0.238999993
2/21/2004 01:00:00 AM,0.140000001
2/21/2004 02:00:00 AM,0.182999998
2/21/2004 03:00:00 AM,0.138999999
2/21/2004 04:00:00 AM,0.144999996
2/21/2004 05:00:00 AM,0.191
2/21/2004 06:00:00 AM,0.236000001
2/21/2004 07:00:00 AM,0.192000002
2/21/2004 08:00:00 AM,0.179000005
2/21/2004 09:00:00 AM,0.187000006
2/21/2004 10:00:00 AM,0.219999999
2/21/2004 11:00:00 AM,0.191
2/21/2004 12:00:00 PM,0.150999993
2/21/2004 01:00:00 PM,0.135000005
2/21/2004 02:00:00 PM,0.138999999
2/21/2004 03:00:00 PM,0.191
2/21/2004 04:00:00 PM,0.365999997
2/21/2004 05:00:00 PM,0.556999981
2/21/2004 06:00:00 PM,0.899999976
2/21/2004 07:00:00 PM,2.33100009
2/21/2004 08:00:00 PM,3.017999887
2/21/2004 09:00:00 PM,4.403999805
2/21/2004 10:00:00 PM,2.490999937
2/21/2004 11:00:00 PM,1.914999962
2/22/2004 12:00:00 AM,2.398999929
2/22/2004 01:00:00 AM,2.792000055
2/22/2004 02:00:00 AM,1.29400003
2/22/2004 03:00:00 AM,1.07099998
2/22/2004 04:00:00 AM,0.970000029
2/22/2004 05:00:00 AM,0.998000026
2/22/2004 06:00:00 AM,0.962000012
2/22/2004 07:00:00 AM,1.11500001
2/22/2004 08:00:00 AM,1.10800004
2/22/2004 09:00:00 AM,0.592000008
2/22/2004 10:00:00 AM,0.442999989
2/22/2004 11:00:00 AM,0.460000008
2/22/2004 12:00:00 PM,0.56099999
2/22/2004 01:00:00 PM,0.469999999
2/22/2004 02:00:00 PM,0.460999995
2/22/2004 03:00:00 PM,0.365999997
2/22/2004 04:00:00 PM,0.411000013
2/22/2004 05:00:00 PM,0.333999991
2/22/2004 06:00:00 PM,0.393999994
2/22/2004 07:00:00 PM,0.555999994
2/22/2004 08:00:00 PM,0.538999975
2/22/2004 09:00:00 PM,0.735000014
2/22/2004 10:00:00 PM,0.388999999
2/22/2004 11:00:00 PM,0.529999971
2/23/2004 12:00:00 AM,0.453999996
2/23/2004 01:00:00 AM,0.463
2/23/2004 02:00:00 AM,0.902999997
2/23/2004 03:00:00 AM,0.629999995
2/23/2004 04:00:00 AM,0.426999986
2/23/2004 05:00:00 AM,0.448000014
2/23/2004 06:00:00 AM,0.633000016
2/23/2004 07:00:00 AM,0.663999975
2/23/2004 08:00:00 AM,0.515999973
2/23/2004 09:00:00 AM,0.614000022
2/23/2004 10:00:00 AM,1.014999986
2/23/2004 11:00:00 AM,1.078999996
2/23/2004 12:00:00 PM,1.371000051
2/23/2004 01:00:00 PM,1.447000027
2/23/2004 02:00:00 PM,1.399000049
2/23/2004 03:00:00 PM,1.458999991
2/23/2004 04:00:00 PM,0.981000006
2/23/2004 05:00:00 PM,1.027999997
2/23/2004 06:00:00 PM,1.097000003
2/23/2004 07:00:00 PM,0.727999985
2/23/2004 08:00:00 PM,0.509000003
2/23/2004 09:00:00 PM,0.513000011
2/23/2004 10:00:00 PM,0.654999971
2/23/2004 11:00:00 PM,0.532999992
2/24/2004 12:00:00 AM,0.400000006
2/24/2004 01:00:00 AM,0.323000014
2/24/2004 02:00:00 AM,0.31099999
2/24/2004 03:00:00 AM,0.266000003
2/24/2004 04:00:00 AM,0.328000009
2/24/2004 05:00:00 AM,0.323000014
2/24/2004 06:00:00 AM,0.677999973
2/24/2004 07:00:00 AM,0.716000021
2/24/2004 08:00:00 AM,0.871999979
2/24/2004 09:00:00 AM,0.73299998
2/24/2004 10:00:00 AM,0.704999983
2/24/2004 11:00:00 AM,0.72299999
2/24/2004 12:00:00 PM,0.635999978
2/24/2004 01:00:00 PM,1.136000037
2/24/2004 02:00:00 PM,0.638999999
2/24/2004 03:00:00 PM,0.850000024
2/24/2004 04:00:00 PM,0.774999976
2/24/2004 05:00:00 PM,0.560000002
2/24/2004 06:00:00 PM,0.426999986
2/24/2004 07:00:00 PM,0.586000025
2/24/2004 08:00:00 PM,0.601999998
2/24/2004 09:00:00 PM,0.521000028
2/24/2004 10:00:00 PM,0.504999995
2/24/2004 11:00:00 PM,0.300000012
2/25/2004 12:00:00 AM,0.289000005
2/25/2004 01:00:00 AM,0.268000007
2/25/2004 02:00:00 AM,0.209000006
2/25/2004 03:00:00 AM,0.209999993
2/25/2004 04:00:00 AM,0.279000014
2/25/2004 05:00:00 AM,0.247999996
2/25/2004 06:00:00 AM,0.748000026
2/25/2004 07:00:00 AM,0.372000009
2/25/2004 08:00:00 AM,0.370000005
2/25/2004 09:00:00 AM,0.409000009
2/25/2004 10:00:00 AM,0.614000022
2/25/2004 11:00:00 AM,0
2/25/2004 12:00:00 PM,0
2/25/2004 01:00:00 PM,0
2/25/2004 02:00:00 PM,0
2/25/2004 03:00:00 PM,0
2/25/2004 04:00:00 PM,0
2/25/2004 05:00:00 PM,0
2/25/2004 06:00:00 PM,0
2/25/2004 07:00:00 PM,0
2/25/2004 08:00:00 PM,0
2/25/2004 09:00:00 PM,0
2/25/2004 10:00:00 PM,0
2/25/2004 11:00:00 PM,0
2/26/2004 12:00:00 AM,0
2/26/2004 01:00:00 AM,0
2/26/2004 02:00:00 AM,0
2/26/2004 03:00:00 AM,0
2/26/2004 04:00:00 AM,0
2/26/2004 05:00:00 AM,0
2/26/2004 06:00:00 AM,0
2/26/2004 07:00:00 AM,0
2/26/2004 08:00:00 AM,0
2/26/2004 09:00:00 AM,0
2/26/2004 10:00:00 AM,0
2/26/2004 11:00:00 AM,0
2/26/2004 12:00:00 PM,0
2/26/2004 01:00:00 PM,0
2/26/2004 02:00:00 PM,0
2/26/2004 03:00:00 PM,0
2/26/2004 04:00:00 PM,0
2/26/2004 05:00:00 PM,0
2/26/2004 06:00:00 PM,0
2/26/2004 07:00:00 PM,0
2/26/2004 08:00:00 PM,0
2/26/2004 09:00:00 PM,0
2/26/2004 10:00:00 PM,0
2/26/2004 11:00:00 PM,0
2/27/2004 12:00:00 AM,0
2/27/2004 01:00:00 AM,0
2/27/2004 02:00:00 AM,0
2/27/2004 03:00:00 AM,0
2/27/2004 04:00:00 AM,0
2/27/2004 05:00:00 AM,0
2/27/2004 06:00:00 AM,0
2/27/2004 07:00:00 AM,0
2/27/2004 08:00:00 AM,0
2/27/2004 09:00:00 AM,0
2/27/2004 10:00:00 AM,0
2/27/2004 11:00:00 AM,0
2/27/2004 12:00:00 PM,0
2/27/2004 01:00:00 PM,0
2/27/2004 02:00:00 PM,0
2/27/2004 03:00:00 PM,0
2/27/2004 04:00:00 PM,0
2/27/2004 05:00:00 PM,0
2/27/2004 06:00:00 PM,0
2/27/2004 07:00:00 PM,0
2/27/2004 08:00:00 PM,0
2/27/2004 09:00:00 PM,0
2/27/2004 10:00:00 PM,0
2/27/2004 11:00:00 PM,0
2/28/2004 12:00:00 AM,0
2/28/2004 01:00:00 AM,0
2/28/2004 02:00:00 AM,0
2/28/2004 03:00:00 AM,0
2/28/2004 04:00:00 AM,0
2/28/2004 05:00:00 AM,0
2/28/2004 06:00:00 AM,0
2/28/2004 07:00:00 AM,0
2/28/2004 08:00:00 AM,0
2/28/2004 09:00:00 AM,0
2/28/2004 10:00:00 AM,0
2/28/2004 11:00:00 AM,0
2/28/2004 12:00:00 PM,0
2/28/2004 01:00:00 PM,0
2/28/2004 02:00:00 PM,0
2/28/2004 03:00:00 PM,0
2/28/2004 04:00:00 PM,0
2/28/2004 05:00:00 PM,0
2/28/2004 06:00:00 PM,0
2/28/2004 07:00:00 PM,0
2/28/2004 08:00:00 PM,0
2/28/2004 09:00:00 PM,0
2/28/2004 10:00:00 PM,0
2/28/2004 11:00:00 PM,0
2/29/2004 12:00:00 AM,0
2/29/2004 01:00:00 AM,0
2/29/2004 02:00:00 AM,0
2/29/2004 03:00:00 AM,0
2/29/2004 04:00:00 AM,0
2/29/2004 05:00:00 AM,0
2/29/2004 06:00:00 AM,0
2/29/2004 07:00:00 AM,0
2/29/2004 08:00:00 AM,0
2/29/2004 09:00:00 AM,0
2/29/2004 10:00:00 AM,0
2/29/2004 11:00:00 AM,0
2/29/2004 12:00:00 PM,0
2/29/2004 01:00:00 PM,0
2/29/2004 02:00:00 PM,0
2/29/2004 03:00:00 PM,0
2/29/2004 04:00:00 PM,0
2/29/2004 05:00:00 PM,0
2/29/2004 06:00:00 PM,0
2/29/2004 07:00:00 PM,0
2/29/2004 08:00:00 PM,0
2/29/2004 09:00:00 PM,0
2/29/2004 10:00:00 PM,0
2/29/2004 11:00:00 PM,0
3/1/2004 12:00:00 AM,0
3/1/2004 01:00:00 AM,0
3/1/2004 02:00:00 AM,0
3/1/2004 03:00:00 AM,0
3/1/2004 04:00:00 AM,0
3/1/2004 05:00:00 AM,0
3/1/2004 06:00:00 AM,0
3/1/2004 07:00:00 AM,0
3/1/2004 08:00:00 AM,0
3/1/2004 09:00:00 AM,0
3/1/2004 10:00:00 AM,0
3/1/2004 11:00:00 AM,0
3/1/2004 12:00:00 PM,0
3/1/2004 01:00:00 PM,0
3/1/2004 02:00:00 PM,0
3/1/2004 03:00:00 PM,0
3/1/2004 04:00:00 PM,0
3/1/2004 05:00:00 PM,0
3/1/2004 06:00:00 PM,0
3/1/2004 07:00:00 PM,0
3/1/2004 08:00:00 PM,0
3/1/2004 09:00:00 PM,0
3/1/2004 10:00:00 PM,0
3/1/2004 11:00:00 PM,0
3/2/2004 12:00:00 AM,0
3/2/2004 01:00:00 AM,0
3/2/2004 02:00:00 AM,0
3/2/2004 03:00:00 AM,0
3/2/2004 04:00:00 AM,0
3/2/2004 05:00:00 AM,0
3/2/2004 06:00:00 AM,0
3/2/2004 07:00:00 AM,0
3/2/2004 08:00:00 AM,0
3/2/2004 09:00:00 AM,0
3/2/2004 10:00:00 AM,0
3/2/2004 11:00:00 AM,0
3/2/2004 12:00:00 PM,0
3/2/2004 01:00:00 PM,0
3/2/2004 02:00:00 PM,0
3/2/2004 03:00:00 PM,0
3/2/2004 04:00:00 PM,0
3/2/2004 05:00:00 PM,0
3/2/2004 06:00:00 PM,0
3/2/2004 07:00:00 PM,0
3/2/2004 08:00:00 PM,0
3/2/2004 09:00:00 PM,0
3/2/2004 10:00:00 PM,0
3/2/2004 11:00:00 PM,0
3/3/2004 12:00:00 AM,0
3/3/2004 01:00:00 AM,0
3/3/2004 02:00:00 AM,0
3/3/2004 03:00:00 AM,0
3/3/2004 04:00:00 AM,0
3/3/2004 05:00:00 AM,0
3/3/2004 06:00:00 AM,0
3/3/2004 07:00:00 AM,0
3/3/2004 08:00:00 AM,0
3/3/2004 09:00:00 AM,0
3/3/2004 10:00:00 AM,0
3/3/2004 11:00:00 AM,0.630999982
3/3/2004 12:00:00 PM,0
3/3/2004 01:00:00 PM,0.69599998
3/3/2004 02:00:00 PM,1.371000051
3/3/2004 03:00:00 PM,1.018000007
3/3/2004 04:00:00 PM,0
3/3/2004 05:00:00 PM,0.86500001
3/3/2004 06:00:00 PM,0.833999991
3/3/2004 07:00:00 PM,1.08099997
3/3/2004 08:00:00 PM,0.897000015
3/3/2004 09:00:00 PM,0.657000005
3/3/2004 10:00:00 PM,0.479999989
3/3/2004 11:00:00 PM,0.69599998
3/4/2004 12:00:00 AM,0.60799998
3/4/2004 01:00:00 AM,0.774999976
3/4/2004 02:00:00 AM,0.80400002
3/4/2004 03:00:00 AM,0.824000001
3/4/2004 04:00:00 AM,0.973999977
3/4/2004 05:00:00 AM,1.243999958
3/4/2004 06:00:00 AM,1.092000008
3/4/2004 07:00:00 AM,0.970000029
3/4/2004 08:00:00 AM,1.406000018
3/4/2004 09:00:00 AM,0.728999972
3/4/2004 10:00:00 AM,0.870999992
3/4/2004 11:00:00 AM,1.883000016
3/4/2004 12:00:00 PM,0.984000027
3/4/2004 01:00:00 PM,2.772000074
3/4/2004 02:00:00 PM,3.295000076
3/4/2004 03:00:00 PM,1.51699996
3/4/2004 04:00:00 PM,1.287999988
3/4/2004 05:00:00 PM,1.194000006
3/4/2004 06:00:00 PM,0.787
3/4/2004 07:00:00 PM,0.726000011
3/4/2004 08:00:00 PM,0.462000012
3/4/2004 09:00:00 PM,0.449999988
3/4/2004 10:00:00 PM,0.80400002
3/4/2004 11:00:00 PM,0.586000025
3/5/2004 12:00:00 AM,0.402999997
3/5/2004 01:00:00 AM,0
3/5/2004 02:00:00 AM,0.143000007
3/5/2004 03:00:00 AM,0.115000002
3/5/2004 04:00:00 AM,0.193000004
3/5/2004 05:00:00 AM,0.119999997
3/5/2004 06:00:00 AM,0.259000003
3/5/2004 07:00:00 AM,0.356999993
3/5/2004 08:00:00 AM,0.465999991
3/5/2004 09:00:00 AM,0.330000013
3/5/2004 10:00:00 AM,0.298999995
3/5/2004 11:00:00 AM,0.25
3/5/2004 12:00:00 PM,0.204999998
3/5/2004 01:00:00 PM,0.245000005
3/5/2004 02:00:00 PM,0.421000004
3/5/2004 03:00:00 PM,0.460999995
3/5/2004 04:00:00 PM,0.583999991
3/5/2004 05:00:00 PM,0.492000014
3/5/2004 06:00:00 PM,0.301999986
3/5/2004 07:00:00 PM,0.32100001
3/5/2004 08:00:00 PM,0.308999985
3/5/2004 09:00:00 PM,0.239999995
3/5/2004 10:00:00 PM,0.266000003
3/5/2004 11:00:00 PM,0.221000001
3/6/2004 12:00:00 AM,0.208000004
3/6/2004 01:00:00 AM,0.202000007
3/6/2004 02:00:00 AM,0.169
3/6/2004 03:00:00 AM,0.194999993
3/6/2004 04:00:00 AM,0.222000003
3/6/2004 05:00:00 AM,0.273000002
3/6/2004 06:00:00 AM,0.280000001
3/6/2004 07:00:00 AM,0.234999999
3/6/2004 08:00:00 AM,0.261000007
3/6/2004 09:00:00 AM,0.231999993
3/6/2004 10:00:00 AM,0.256000012
3/6/2004 11:00:00 AM,0.177000001
3/6/2004 12:00:00 PM,0.193000004
3/6/2004 01:00:00 PM,0.137999997
3/6/2004 02:00:00 PM,0.218999997
3/6/2004 03:00:00 PM,0.160999998
3/6/2004 04:00:00 PM,0.188999996
3/6/2004 05:00:00 PM,0.372999996
3/6/2004 06:00:00 PM,0.620999992
3/6/2004 07:00:00 PM,0.894999981
3/6/2004 08:00:00 PM,1.355000019
3/6/2004 09:00:00 PM,0.505999982
3/6/2004 10:00:00 PM,1.075999975
3/6/2004 11:00:00 PM,0.632000029
3/7/2004 12:00:00 AM,0.97299999
3/7/2004 01:00:00 AM,0.63499999
3/7/2004 02:00:00 AM,0.375
3/7/2004 03:00:00 AM,0.192000002
3/7/2004 04:00:00 AM,0.064999998
3/7/2004 05:00:00 AM,0.057999998
3/7/2004 06:00:00 AM,0.082000002
3/7/2004 07:00:00 AM,0.085000001
3/7/2004 08:00:00 AM,0.097000003
3/7/2004 09:00:00 AM,0.071000002
3/7/2004 10:00:00 AM,0.079000004
3/7/2004 11:00:00 AM,0.079999998
3/7/2004 12:00:00 PM,0
3/7/2004 01:00:00 PM,0
3/7/2004 02:00:00 PM,0.094999999
3/7/2004 03:00:00 PM,0.097000003
3/7/2004 04:00:00 PM,0.107000001
3/7/2004 05:00:00 PM,0.108000003
3/7/2004 06:00:00 PM,0.150000006
3/7/2004 07:00:00 PM,0.236000001
3/7/2004 08:00:00 PM,0.268000007
3/7/2004 09:00:00 PM,0.36500001
3/7/2004 10:00:00 PM,0.377999991
3/7/2004 11:00:00 PM,0.340000004
3/8/2004 12:00:00 AM,0.252000004
3/8/2004 01:00:00 AM,0.280999988
3/8/2004 02:00:00 AM,0.217999995
3/8/2004 03:00:00 AM,0.165999994
3/8/2004 04:00:00 AM,0.191
3/8/2004 05:00:00 AM,0.428000003
3/8/2004 06:00:00 AM,0.453999996
3/8/2004 07:00:00 AM,0.683000028
3/8/2004 08:00:00 AM,0.533999979
3/8/2004 09:00:00 AM,0.574999988
3/8/2004 10:00:00 AM,0.458999991
3/8/2004 11:00:00 AM,0.486000001
3/8/2004 12:00:00 PM,0.846000016
3/8/2004 01:00:00 PM,0.323000014
3/8/2004 02:00:00 PM,0.414999992
3/8/2004 03:00:00 PM,0.869000018
3/8/2004 04:00:00 PM,1.082000017
3/8/2004 05:00:00 PM,1.123999953
3/8/2004 06:00:00 PM,1.455000043
3/8/2004 07:00:00 PM,1.133000016
3/8/2004 08:00:00 PM,1.26699996
3/8/2004 09:00:00 PM,1.422000051
3/8/2004 10:00:00 PM,2.400000095
3/8/2004 11:00:00 PM,0.940999985
3/9/2004 12:00:00 AM,1.496000051
3/9/2004 01:00:00 AM,0.326000005
3/9/2004 02:00:00 AM,0.213
3/9/2004 03:00:00 AM,0.187000006
3/9/2004 04:00:00 AM,0.284000009
3/9/2004 05:00:00 AM,0.277999997
3/9/2004 06:00:00 AM,0.560000002
3/9/2004 07:00:00 AM,0.791999996
3/9/2004 08:00:00 AM,0.615999997
3/9/2004 09:00:00 AM,0.838999987
3/9/2004 10:00:00 AM,0.338999987
3/9/2004 11:00:00 AM,0.272000015
3/9/2004 12:00:00 PM,0.31099999
3/9/2004 01:00:00 PM,0.287
3/9/2004 02:00:00 PM,0.444999993
3/9/2004 03:00:00 PM,0.395999998
3/9/2004 04:00:00 PM,0.289999992
3/9/2004 05:00:00 PM,0.30399999
3/9/2004 06:00:00 PM,0.537
3/9/2004 07:00:00 PM,0.838
3/9/2004 08:00:00 PM,1.363000035
3/9/2004 09:00:00 PM,1.958999991
3/9/2004 10:00:00 PM,2.051000118
3/9/2004 11:00:00 PM,2.08100009
3/10/2004 12:00:00 AM,1.541000009
3/10/2004 01:00:00 AM,1.957999945
3/10/2004 02:00:00 AM,1.498000026
3/10/2004 03:00:00 AM,1.245000005
3/10/2004 04:00:00 AM,0.867999971
3/10/2004 05:00:00 AM,1.223999977
3/10/2004 06:00:00 AM,1.820000052
3/10/2004 07:00:00 AM,1.156999946
3/10/2004 08:00:00 AM,0.444999993
3/10/2004 09:00:00 AM,0.546000004
3/10/2004 10:00:00 AM,0.643000007
3/10/2004 11:00:00 AM,0.458999991
3/10/2004 12:00:00 PM,0.785000026
3/10/2004 01:00:00 PM,0.437000006
3/10/2004 02:00:00 PM,0.629999995
3/10/2004 03:00:00 PM,0.448000014
3/10/2004 04:00:00 PM,0.287
3/10/2004 05:00:00 PM,0.467000008
3/10/2004 06:00:00 PM,0.485000014
3/10/2004 07:00:00 PM,0.463999987
3/10/2004 08:00:00 PM,0.407000005
3/10/2004 09:00:00 PM,0.228
3/10/2004 10:00:00 PM,0.246999994
3/10/2004 11:00:00 PM,0.273999989
3/11/2004 12:00:00 AM,0.43900001
3/11/2004 01:00:00 AM,0.513999999
3/11/2004 02:00:00 AM,0.149000004
3/11/2004 03:00:00 AM,0.210999995
3/11/2004 04:00:00 AM,0.172999993
3/11/2004 05:00:00 AM,0.409000009
3/11/2004 06:00:00 AM,0.51700002
3/11/2004 07:00:00 AM,0.48300001
3/11/2004 08:00:00 AM,0.335000008
3/11/2004 09:00:00 AM,0.301999986
3/11/2004 10:00:00 AM,0.305999994
3/11/2004 11:00:00 AM,0.237000003
3/11/2004 12:00:00 PM,0.247999996
3/11/2004 01:00:00 PM,0.179000005
3/11/2004 02:00:00 PM,0.294999987
3/11/2004 03:00:00 PM,0.256999999
3/11/2004 04:00:00 PM,0.231999993
3/11/2004 05:00:00 PM,0.230000004
3/11/2004 06:00:00 PM,0.263000011
3/11/2004 07:00:00 PM,0.177000001
3/11/2004 08:00:00 PM,0.275999993
3/11/2004 09:00:00 PM,0.273999989
3/11/2004 10:00:00 PM,0.344999999
3/11/2004 11:00:00 PM,0.305000007
3/12/2004 12:00:00 AM,0.248999998
3/12/2004 01:00:00 AM,0.317999989
3/12/2004 02:00:00 AM,0.248999998
3/12/2004 03:00:00 AM,0.601999998
3/12/2004 04:00:00 AM,0.425000012
3/12/2004 05:00:00 AM,0.439999998
3/12/2004 06:00:00 AM,0.595000029
3/12/2004 07:00:00 AM,0.626999974
3/12/2004 08:00:00 AM,0.629000008
3/12/2004 09:00:00 AM,0.465999991
3/12/2004 10:00:00 AM,0.44600001
3/12/2004 11:00:00 AM,0.361000001
3/12/2004 12:00:00 PM,0.352999985
3/12/2004 01:00:00 PM,0.342000008
3/12/2004 02:00:00 PM,0.505999982
3/12/2004 03:00:00 PM,0.467000008
3/12/2004 04:00:00 PM,0.488000005
3/12/2004 05:00:00 PM,0.486999989
3/12/2004 06:00:00 PM,0.647000015
3/12/2004 07:00:00 PM,0.846000016
3/12/2004 08:00:00 PM,1.504999995
3/12/2004 09:00:00 PM,2.914000034
3/12/2004 10:00:00 PM,2.693000078
3/12/2004 11:00:00 PM,2.114000082
3/13/2004 12:00:00 AM,2.809999943
3/13/2004 01:00:00 AM,2.242000103
3/13/2004 02:00:00 AM,1.621999979
3/13/2004 03:00:00 AM,1.496000051
3/13/2004 04:00:00 AM,1.444000006
3/13/2004 05:00:00 AM,0.772000015
3/13/2004 06:00:00 AM,1.144000053
3/13/2004 07:00:00 AM,0.90200001
3/13/2004 08:00:00 AM,0.561999977
3/13/2004 09:00:00 AM,0.751999974
3/13/2004 10:00:00 AM,0.405999988
3/13/2004 11:00:00 AM,0.338999987
3/13/2004 12:00:00 PM,0.351000011
3/13/2004 01:00:00 PM,0.559000015
3/13/2004 02:00:00 PM,0.400999993
3/13/2004 03:00:00 PM,0.460000008
3/13/2004 04:00:00 PM,0.68599999
3/13/2004 05:00:00 PM,0.677999973
3/13/2004 06:00:00 PM,0.439999998
3/13/2004 07:00:00 PM,0.48300001
3/13/2004 08:00:00 PM,0.513000011
3/13/2004 09:00:00 PM,0.592000008
3/13/2004 10:00:00 PM,0.545000017
3/13/2004 11:00:00 PM,0.43900001
3/14/2004 12:00:00 AM,0.497000009
3/14/2004 01:00:00 AM,0.43599999
3/14/2004 02:00:00 AM,2.450999975
3/14/2004 03:00:00 AM,0.500999987
3/14/2004 04:00:00 AM,0.365999997
3/14/2004 05:00:00 AM,0.328000009
3/14/2004 06:00:00 AM,0.509000003
3/14/2004 07:00:00 AM,0.587000012
3/14/2004 08:00:00 AM,0.505999982
3/14/2004 09:00:00 AM,0.465000004
3/14/2004 10:00:00 AM,0.273000002
3/14/2004 11:00:00 AM,0.216999993
3/14/2004 12:00:00 PM,0.151999995
3/14/2004 01:00:00 PM,0.167999998
3/14/2004 02:00:00 PM,0.155000001
3/14/2004 03:00:00 PM,0.153999999
3/14/2004 04:00:00 PM,0.141000003
3/14/2004 05:00:00 PM,0.354999989
3/14/2004 06:00:00 PM,0.495000005
3/14/2004 07:00:00 PM,0.691999972
3/14/2004 08:00:00 PM,0.546999991
3/14/2004 09:00:00 PM,1.014000058
3/14/2004 10:00:00 PM,2.404000044
3/14/2004 11:00:00 PM,3.170000076
3/15/2004 12:00:00 AM,3.630000114
3/15/2004 01:00:00 AM,4.592000008
3/15/2004 02:00:00 AM,4.954999924
3/15/2004 03:00:00 AM,3.094000101
3/15/2004 04:00:00 AM,2.015000105
3/15/2004 05:00:00 AM,3.374000072
3/15/2004 06:00:00 AM,4.524000168
3/15/2004 07:00:00 AM,2.484999895
3/15/2004 08:00:00 AM,0.551999986
3/15/2004 09:00:00 AM,0.666999996
3/15/2004 10:00:00 AM,0.414999992
3/15/2004 11:00:00 AM,0.30399999
3/15/2004 12:00:00 PM,0.217999995
3/15/2004 01:00:00 PM,0.684000015
3/15/2004 02:00:00 PM,0.405000001
3/15/2004 03:00:00 PM,0.379999995
3/15/2004 04:00:00 PM,0
3/15/2004 05:00:00 PM,0
3/15/2004 06:00:00 PM,0.546999991
3/15/2004 07:00:00 PM,0.731999993
3/15/2004 08:00:00 PM,0.629000008
3/15/2004 09:00:00 PM,0.323000014
3/15/2004 10:00:00 PM,0.432000011
3/15/2004 11:00:00 PM,1.536999941
3/16/2004 12:00:00 AM,0.372999996
3/16/2004 01:00:00 AM,0.358999997
3/16/2004 02:00:00 AM,0.393000007
3/16/2004 03:00:00 AM,0.356999993
3/16/2004 04:00:00 AM,0.428000003
3/16/2004 05:00:00 AM,0.472000003
3/16/2004 06:00:00 AM,0.836000025
3/16/2004 07:00:00 AM,1.600999951
3/16/2004 08:00:00 AM,0.907999992
3/16/2004 09:00:00 AM,0.65200001
3/16/2004 10:00:00 AM,0.753000021
3/16/2004 11:00:00 AM,0.501999974
3/16/2004 12:00:00 PM,0.611999989
3/16/2004 01:00:00 PM,0.647000015
3/16/2004 02:00:00 PM,0.605000019
3/16/2004 03:00:00 PM,0.619000018
3/16/2004 04:00:00 PM,0.52700001
3/16/2004 05:00:00 PM,0.772000015
3/16/2004 06:00:00 PM,0.875
3/16/2004 07:00:00 PM,1.087000012
3/16/2004 08:00:00 PM,0.688000023
3/16/2004 09:00:00 PM,0.625999987
3/16/2004 10:00:00 PM,0.499000013
3/16/2004 11:00:00 PM,0.577000022
3/17/2004 12:00:00 AM,0.518000007
3/17/2004 01:00:00 AM,0.50999999
3/17/2004 02:00:00 AM,0.620999992
3/17/2004 03:00:00 AM,0.500999987
3/17/2004 04:00:00 AM,0.541999996
3/17/2004 05:00:00 AM,0
3/17/2004 06:00:00 AM,0.762000024
3/17/2004 07:00:00 AM,1.277999997
3/17/2004 08:00:00 AM,1.065000057
3/17/2004 09:00:00 AM,0.827000022
3/17/2004 10:00:00 AM,0.587000012
3/17/2004 11:00:00 AM,0.521000028
3/17/2004 12:00:00 PM,0.508000016
3/17/2004 01:00:00 PM,0.381000012
3/17/2004 02:00:00 PM,0.483999997
3/17/2004 03:00:00 PM,1.411000013
3/17/2004 04:00:00 PM,1.192999959
3/17/2004 05:00:00 PM,1.024000049
3/17/2004 06:00:00 PM,0.904999971
3/17/2004 07:00:00 PM,0.479000002
3/17/2004 08:00:00 PM,0.925000012
3/17/2004 09:00:00 PM,0.943000019
3/17/2004 10:00:00 PM,1.230000019
3/17/2004 11:00:00 PM,1.052999973
3/18/2004 12:00:00 AM,0.751999974
3/18/2004 01:00:00 AM,1.13499999
3/18/2004 02:00:00 AM,0.806999981
3/18/2004 03:00:00 AM,0.619000018
3/18/2004 04:00:00 AM,0.693000019
3/18/2004 05:00:00 AM,1.269999981
3/18/2004 06:00:00 AM,2.878999949
3/18/2004 07:00:00 AM,1.718999982
3/18/2004 08:00:00 AM,1.394000053
3/18/2004 09:00:00 AM,1.317000031
3/18/2004 10:00:00 AM,1.779000044
3/18/2004 11:00:00 AM,1.784999967
3/18/2004 12:00:00 PM,1.161000013
3/18/2004 01:00:00 PM,0.799000025
3/18/2004 02:00:00 PM,0.519999981
3/18/2004 03:00:00 PM,0
3/18/2004 04:00:00 PM,0
3/18/2004 05:00:00 PM,0
3/18/2004 06:00:00 PM,0.460000008
3/18/2004 07:00:00 PM,0.797999978
3/18/2004 08:00:00 PM,0.442000002
3/18/2004 09:00:00 PM,0.476999998
3/18/2004 10:00:00 PM,0.423999995
3/18/2004 11:00:00 PM,0.617999971
3/19/2004 12:00:00 AM,0.561999977
3/19/2004 01:00:00 AM,0.731999993
3/19/2004 02:00:00 AM,0.947000027
3/19/2004 03:00:00 AM,0.810000002
3/19/2004 04:00:00 AM,0.493999988
3/19/2004 05:00:00 AM,1.074000001
3/19/2004 06:00:00 AM,2.098999977
3/19/2004 07:00:00 AM,1.330000043
3/19/2004 08:00:00 AM,0.472000003
3/19/2004 09:00:00 AM,0.303000003
3/19/2004 10:00:00 AM,0.340000004
3/19/2004 11:00:00 AM,0.294
3/19/2004 12:00:00 PM,0.208000004
3/19/2004 01:00:00 PM,0.221000001
3/19/2004 02:00:00 PM,0.479999989
3/19/2004 03:00:00 PM,0.536000013
3/19/2004 04:00:00 PM,0.592999995
3/19/2004 05:00:00 PM,0.533999979
3/19/2004 06:00:00 PM,0.736000001
3/19/2004 07:00:00 PM,0.651000023
3/19/2004 08:00:00 PM,0.312000006
3/19/2004 09:00:00 PM,0.65200001
3/19/2004 10:00:00 PM,0.490999997
3/19/2004 11:00:00 PM,0.569000006
3/20/2004 12:00:00 AM,1.042999983
3/20/2004 01:00:00 AM,0.542999983
3/20/2004 02:00:00 AM,0.731000006
3/20/2004 03:00:00 AM,0.870000005
3/20/2004 04:00:00 AM,0.681999981
3/20/2004 05:00:00 AM,0.833000004
3/20/2004 06:00:00 AM,0.81099999
3/20/2004 07:00:00 AM,0.837000012
3/20/2004 08:00:00 AM,1.121999979
3/20/2004 09:00:00 AM,0.629000008
3/20/2004 10:00:00 AM,0.725000024
3/20/2004 11:00:00 AM,0.694999993
3/20/2004 12:00:00 PM,0.707000017
3/20/2004 01:00:00 PM,0.356999993
3/20/2004 02:00:00 PM,0.34799999
3/20/2004 03:00:00 PM,0.27700001
3/20/2004 04:00:00 PM,0.446999997
3/20/2004 05:00:00 PM,0.344000012
3/20/2004 06:00:00 PM,0.213
3/20/2004 07:00:00 PM,0.243000001
3/20/2004 08:00:00 PM,0.228
3/20/2004 09:00:00 PM,0.164000005
3/20/2004 10:00:00 PM,0.093999997
3/20/2004 11:00:00 PM,0.112999998
3/21/2004 12:00:00 AM,0.104000002
3/21/2004 01:00:00 AM,0.116999999
3/21/2004 02:00:00 AM,0.086999997
3/21/2004 03:00:00 AM,0.115000002
3/21/2004 04:00:00 AM,0.108000003
3/21/2004 05:00:00 AM,0.111000001
3/21/2004 06:00:00 AM,0.140000001
3/21/2004 07:00:00 AM,0.153999999
3/21/2004 08:00:00 AM,0.109999999
3/21/2004 09:00:00 AM,0.155000001
3/21/2004 10:00:00 AM,0.118000001
3/21/2004 11:00:00 AM,0.107000001
3/21/2004 12:00:00 PM,0.170000002
3/21/2004 01:00:00 PM,0.172999993
3/21/2004 02:00:00 PM,0.133000001
3/21/2004 03:00:00 PM,0.129999995
3/21/2004 04:00:00 PM,0.254999995
3/21/2004 05:00:00 PM,0.238000005
3/21/2004 06:00:00 PM,0.326999992
3/21/2004 07:00:00 PM,0.437000006
3/21/2004 08:00:00 PM,0.703999996
3/21/2004 09:00:00 PM,0.52700001
3/21/2004 10:00:00 PM,0.501999974
3/21/2004 11:00:00 PM,0.342999995
3/22/2004 12:00:00 AM,0.372000009
3/22/2004 01:00:00 AM,0.178000003
3/22/2004 02:00:00 AM,0.163000003
3/22/2004 03:00:00 AM,0.162
3/22/2004 04:00:00 AM,0.293000013
3/22/2004 05:00:00 AM,0.624000013
3/22/2004 06:00:00 AM,0.754999995
3/22/2004 07:00:00 AM,0.47299999
3/22/2004 08:00:00 AM,0.754000008
3/22/2004 09:00:00 AM,0.683000028
3/22/2004 10:00:00 AM,0.671000004
3/22/2004 11:00:00 AM,0.564999998
3/22/2004 12:00:00 PM,0.671000004
3/22/2004 01:00:00 PM,0.672999978
3/22/2004 02:00:00 PM,0.694999993
3/22/2004 03:00:00 PM,0.778999984
3/22/2004 04:00:00 PM,0.421000004
3/22/2004 05:00:00 PM,0.389999986
3/22/2004 06:00:00 PM,0.463999987
3/22/2004 07:00:00 PM,0.412
3/22/2004 08:00:00 PM,1.014000058
3/22/2004 09:00:00 PM,1.069000006
3/22/2004 10:00:00 PM,1.368999958
3/22/2004 11:00:00 PM,0.782999992
3/23/2004 12:00:00 AM,0.469000012
3/23/2004 01:00:00 AM,0.435000002
3/23/2004 02:00:00 AM,0.92900002
3/23/2004 03:00:00 AM,0.828999996
3/23/2004 04:00:00 AM,0.617999971
3/23/2004 05:00:00 AM,0.354000002
3/23/2004 06:00:00 AM,0.744000018
3/23/2004 07:00:00 AM,0.644999981
3/23/2004 08:00:00 AM,0.481999993
3/23/2004 09:00:00 AM,0.501999974
3/23/2004 10:00:00 AM,0.430000007
3/23/2004 11:00:00 AM,0.526000023
3/23/2004 12:00:00 PM,0.446999997
3/23/2004 01:00:00 PM,0.456999987
3/23/2004 02:00:00 PM,0.552999973
3/23/2004 03:00:00 PM,0.75999999
3/23/2004 04:00:00 PM,0.623000026
3/23/2004 05:00:00 PM,0.591000021
3/23/2004 06:00:00 PM,0.758000016
3/23/2004 07:00:00 PM,0.617999971
3/23/2004 08:00:00 PM,0.605000019
3/23/2004 09:00:00 PM,0.748000026
3/23/2004 10:00:00 PM,0.813000023
3/23/2004 11:00:00 PM,0.788999975
3/24/2004 12:00:00 AM,0.574000001
3/24/2004 01:00:00 AM,0.460999995
3/24/2004 02:00:00 AM,0.535000026
3/24/2004 03:00:00 AM,0.414999992
3/24/2004 04:00:00 AM,0.453999996
3/24/2004 05:00:00 AM,0.65200001
3/24/2004 06:00:00 AM,0.643999994
3/24/2004 07:00:00 AM,0.583000004
3/24/2004 08:00:00 AM,0.646000028
3/24/2004 09:00:00 AM,0.598999977
3/24/2004 10:00:00 AM,0.689999998
3/24/2004 11:00:00 AM,0.526000023
3/24/2004 12:00:00 PM,0.620999992
3/24/2004 01:00:00 PM,0.375999987
3/24/2004 02:00:00 PM,0.497999996
3/24/2004 03:00:00 PM,0.43900001
3/24/2004 04:00:00 PM,0.603999972
3/24/2004 05:00:00 PM,0.693000019
3/24/2004 06:00:00 PM,0.855000019
3/24/2004 07:00:00 PM,0.563000023
3/24/2004 08:00:00 PM,0.495000005
3/24/2004 09:00:00 PM,0.540000021
3/24/2004 10:00:00 PM,0.64200002
3/24/2004 11:00:00 PM,0.828999996
3/25/2004 12:00:00 AM,0.638999999
3/25/2004 01:00:00 AM,0.493000001
3/25/2004 02:00:00 AM,0.556999981
3/25/2004 03:00:00 AM,0.486000001
3/25/2004 04:00:00 AM,0.796999991
3/25/2004 05:00:00 AM,1.144000053
3/25/2004 06:00:00 AM,1.218000054
3/25/2004 07:00:00 AM,1.299000025
3/25/2004 08:00:00 AM,1.319000006
3/25/2004 09:00:00 AM,1.159999967
3/25/2004 10:00:00 AM,1.690000057
3/25/2004 11:00:00 AM,0.809000015
3/25/2004 12:00:00 PM,0.778999984
3/25/2004 01:00:00 PM,0.950999975
3/25/2004 02:00:00 PM,0.896000028
3/25/2004 03:00:00 PM,0.989000022
3/25/2004 04:00:00 PM,0.744000018
3/25/2004 05:00:00 PM,0.624000013
3/25/2004 06:00:00 PM,0.783999979
3/25/2004 07:00:00 PM,0.887000024
3/25/2004 08:00:00 PM,0.971000016
3/25/2004 09:00:00 PM,0.479999989
3/25/2004 10:00:00 PM,0.463999987
3/25/2004 11:00:00 PM,0.35800001
3/26/2004 12:00:00 AM,0.35800001
3/26/2004 01:00:00 AM,0.391000003
3/26/2004 02:00:00 AM,0.504999995
3/26/2004 03:00:00 AM,0.441000015
3/26/2004 04:00:00 AM,0.614000022
3/26/2004 05:00:00 AM,0.515999973
3/26/2004 06:00:00 AM,0.537999988
3/26/2004 07:00:00 AM,0.61500001
3/26/2004 08:00:00 AM,0.833999991
3/26/2004 09:00:00 AM,3.243999958
3/26/2004 10:00:00 AM,2.921000004
3/26/2004 11:00:00 AM,1.266000032
3/26/2004 12:00:00 PM,0.694000006
3/26/2004 01:00:00 PM,0.675000012
3/26/2004 02:00:00 PM,0.887000024
3/26/2004 03:00:00 PM,0.902999997
3/26/2004 04:00:00 PM,0.762000024
3/26/2004 05:00:00 PM,0.551999986
3/26/2004 06:00:00 PM,0.910000026
3/26/2004 07:00:00 PM,0.984000027
3/26/2004 08:00:00 PM,0.843999982
3/26/2004 09:00:00 PM,0.460000008
3/26/2004 10:00:00 PM,0.898999989
3/26/2004 11:00:00 PM,0.782999992
3/27/2004 12:00:00 AM,0.52700001
3/27/2004 01:00:00 AM,0.577000022
3/27/2004 02:00:00 AM,0.601000011
3/27/2004 03:00:00 AM,0.649999976
3/27/2004 04:00:00 AM,1.15199995
3/27/2004 05:00:00 AM,0.656000018
3/27/2004 06:00:00 AM,0.56400001
3/27/2004 07:00:00 AM,1.016000032
3/27/2004 08:00:00 AM,1.898000002
3/27/2004 09:00:00 AM,1.003000021
3/27/2004 10:00:00 AM,0.697000027
3/27/2004 11:00:00 AM,0.736999989
3/27/2004 12:00:00 PM,0.805000007
3/27/2004 01:00:00 PM,0.556999981
3/27/2004 02:00:00 PM,0.685000002
3/27/2004 03:00:00 PM,0.321999997
3/27/2004 04:00:00 PM,0.35800001
3/27/2004 05:00:00 PM,0.552999973
3/27/2004 06:00:00 PM,0.606999993
3/27/2004 07:00:00 PM,0.720000029
3/27/2004 08:00:00 PM,0.726999998
3/27/2004 09:00:00 PM,1.087000012
3/27/2004 10:00:00 PM,0.764999986
3/27/2004 11:00:00 PM,0.89200002
3/28/2004 12:00:00 AM,0.68900001
3/28/2004 01:00:00 AM,0.713999987
3/28/2004 02:00:00 AM,1.172999978
3/28/2004 03:00:00 AM,1.348999977
3/28/2004 04:00:00 AM,0.995999992
3/28/2004 05:00:00 AM,0.481000006
3/28/2004 06:00:00 AM,0.372999996
3/28/2004 07:00:00 AM,0.442999989
3/28/2004 08:00:00 AM,0.363999993
3/28/2004 09:00:00 AM,0.296999991
3/28/2004 10:00:00 AM,0.317000002
3/28/2004 11:00:00 AM,0.400000006
3/28/2004 12:00:00 PM,0.908999979
3/28/2004 01:00:00 PM,0.730000019
3/28/2004 02:00:00 PM,0.713999987
3/28/2004 03:00:00 PM,0.298999995
3/28/2004 04:00:00 PM,0.248999998
3/28/2004 05:00:00 PM,0.246999994
3/28/2004 06:00:00 PM,0.268999994
3/28/2004 07:00:00 PM,0.293000013
3/28/2004 08:00:00 PM,0.335999995
3/28/2004 09:00:00 PM,0.388000011
3/28/2004 10:00:00 PM,0.439999998
3/28/2004 11:00:00 PM,0.372999996
3/29/2004 12:00:00 AM,0.596000016
3/29/2004 01:00:00 AM,0.531000018
3/29/2004 02:00:00 AM,0.556999981
3/29/2004 03:00:00 AM,0.551999986
3/29/2004 04:00:00 AM,0.456999987
3/29/2004 05:00:00 AM,0.633000016
3/29/2004 06:00:00 AM,1.036000013
3/29/2004 07:00:00 AM,1.325999975
3/29/2004 08:00:00 AM,1.595999956
3/29/2004 09:00:00 AM,1.368000031
3/29/2004 10:00:00 AM,0.731000006
3/29/2004 11:00:00 AM,0.606000006
3/29/2004 12:00:00 PM,0.663999975
3/29/2004 01:00:00 PM,0.419
3/29/2004 02:00:00 PM,0.485000014
3/29/2004 03:00:00 PM,0.686999977
3/29/2004 04:00:00 PM,0.501999974
3/29/2004 05:00:00 PM,0.907000005
3/29/2004 06:00:00 PM,0.800000012
3/29/2004 07:00:00 PM,1.861999989
3/29/2004 08:00:00 PM,1.368999958
3/29/2004 09:00:00 PM,1.360000014
3/29/2004 10:00:00 PM,1.93900001
3/29/2004 11:00:00 PM,1.735000014
3/30/2004 12:00:00 AM,1.720000029
3/30/2004 01:00:00 AM,1.121999979
3/30/2004 02:00:00 AM,0.792999983
3/30/2004 03:00:00 AM,0.845000029
3/30/2004 04:00:00 AM,0.735000014
3/30/2004 05:00:00 AM,0.367000014
3/30/2004 06:00:00 AM,0.707000017
3/30/2004 07:00:00 AM,0.713999987
3/30/2004 08:00:00 AM,0.591000021
3/30/2004 09:00:00 AM,0.653999984
3/30/2004 10:00:00 AM,0.586000025
3/30/2004 11:00:00 AM,0.303000003
3/30/2004 12:00:00 PM,0.395999998
3/30/2004 01:00:00 PM,0.342000008
3/30/2004 02:00:00 PM,0.374000013
3/30/2004 03:00:00 PM,0.331
3/30/2004 04:00:00 PM,0.372999996
3/30/2004 05:00:00 PM,0.280999988
3/30/2004 06:00:00 PM,0.211999997
3/30/2004 07:00:00 PM,0.215000004
3/30/2004 08:00:00 PM,0.326000005
3/30/2004 09:00:00 PM,0.381000012
3/30/2004 10:00:00 PM,0.287
3/30/2004 11:00:00 PM,0.294
3/31/2004 12:00:00 AM,0.225999996
3/31/2004 01:00:00 AM,0.316000015
3/31/2004 02:00:00 AM,0.163000003
3/31/2004 03:00:00 AM,0.240999997
3/31/2004 04:00:00 AM,0.234999999
3/31/2004 05:00:00 AM,0.345999986
3/31/2004 06:00:00 AM,0.617999971
3/31/2004 07:00:00 AM,0.651000023
3/31/2004 08:00:00 AM,0.717000008
3/31/2004 09:00:00 AM,0.589999974
3/31/2004 10:00:00 AM,0.671000004
3/31/2004 11:00:00 AM,0.643000007
3/31/2004 12:00:00 PM,0.754000008
3/31/2004 01:00:00 PM,1.291000009
3/31/2004 02:00:00 PM,0.67900002
3/31/2004 03:00:00 PM,0.703999996
3/31/2004 04:00:00 PM,0.698000014
3/31/2004 05:00:00 PM,0.629000008
3/31/2004 06:00:00 PM,0.754999995
3/31/2004 07:00:00 PM,0.795000017
3/31/2004 08:00:00 PM,0.810000002
3/31/2004 09:00:00 PM,0.734000027
3/31/2004 10:00:00 PM,0.947000027
3/31/2004 11:00:00 PM,0.953999996
